{"stats":{"minecraft:picked_up":{"minecraft:crafting_table":2,"minecraft:wheat":54,"minecraft:allium":1,"minecraft:chicken":3,"minecraft:string":3,"minecraft:raw_copper":23,"earthmobsmod:duck_egg":1,"minecraft:beef":2,"alexsmobs:raccoon_tail":2,"minecraft:sugar_cane":7,"duckling:raw_duck":2,"minecraft:furnace":4,"minecraft:raw_iron":37,"ecologics:walnut_log":3,"minecraft:torch":6,"minecraft:porkchop":4,"quark:blossom_log":8,"tombstone:grave_dust":2,"minecraft:diorite":10,"minecraft:carrot":8,"minecraft:stone_sword":1,"minecraft:arrow":1,"minecraft:rotten_flesh":3,"minecraft:mutton":2,"minecraft:white_wool":1,"minecraft:cobblestone":133,"born_in_chaos_v1:corpse_maggot":2,"minecraft:feather":4,"minecraft:andesite":19,"luminousworld:ishstone":18,"minecraft:leather":2,"minecraft:dirt":23,"tombstone:gift":1,"minecraft:bone":3,"minecraft:wheat_seeds":128,"minecraft:raw_gold":8,"minecraft:rabbit_hide":1,"minecraft:rabbit":1,"duckling:duck_egg":2,"minecraft:pumpkin":1,"minecraft:dandelion":13,"minecraft:mossy_cobblestone":2,"minecraft:granite":77,"minecraft:bread":5,"alexsmobs:maggot":2,"tombstone:magic_scroll":1,"minecraft:coal":41,"iceandfire:raw_silver":4},"minecraft:killed":{"earthmobsmod:duck":2,"earthmobsmod:hyper_rabbit":1,"alexsmobs:raccoon":1,"enemyexpansion:direwolf":1,"minecraft:skeleton":1,"alexsmobs:leafcutter_ant":3,"earthmobsmod:teacup_pig":1,"earthmobsmod:fancy_chicken":1,"born_in_chaos_v1:firelight_not_despawn":2,"minecraft:pig":1,"duckling:duck":2,"naturalist:snake":1,"earthmobsmod:cream_cow":1,"minecraft:sheep":1,"minecraft:zombie":1,"born_in_chaos_v1:corpse_fly":2,"minecraft:cow":1},"minecraft:broken":{"minecraft:stone_pickaxe":1,"minecraft:iron_pickaxe":1},"minecraft:crafted":{"minecraft:cooked_chicken":3,"ecologics:walnut_planks":12,"minecraft:furnace":1,"minecraft:iron_boots":1,"minecraft:iron_axe":1,"minecraft:stone_pickaxe":1,"minecraft:cooked_rabbit":1,"minecraft:cooked_beef":2,"quark:blossom_planks":32,"iceandfire:silver_ingot":4,"minecraft:cooked_porkchop":3,"minecraft:crafting_table":2,"minecraft:wooden_pickaxe":1,"minecraft:iron_helmet":1,"minecraft:iron_sword":2,"minecraft:bread":18,"minecraft:air":0,"minecraft:iron_chestplate":1,"minecraft:stick":24,"minecraft:iron_ingot":31,"minecraft:iron_pickaxe":2,"minecraft:iron_shovel":1,"minecraft:torch":16},"minecraft:custom":{"minecraft:mob_kills":23,"minecraft:interact_with_crafting_table":23,"minecraft:leave_game":4,"minecraft:time_since_death":13385,"minecraft:climb_one_cm":4702,"minecraft:sprint_one_cm":269994,"minecraft:walk_one_cm":187146,"minecraft:drop":48,"minecraft:play_time":86279,"minecraft:deaths":4,"minecraft:sneak_time":2379,"minecraft:walk_under_water_one_cm":5565,"minecraft:jump":1157,"minecraft:walk_on_water_one_cm":15752,"minecraft:total_world_time":86279,"minecraft:interact_with_furnace":48,"minecraft:time_since_rest":11848,"minecraft:damage_taken":2430,"minecraft:damage_dealt":2609,"tombstone:cast_on_ally":1,"minecraft:swim_one_cm":35925,"minecraft:fly_one_cm":198817,"minecraft:open_chest":1,"minecraft:crouch_one_cm":3012,"tombstone:undead_killed":2,"minecraft:fall_one_cm":35135},"minecraft:used":{"minecraft:stone_sword":63,"minecraft:iron_shovel":13,"minecraft:iron_sword":67,"minecraft:cooked_chicken":2,"minecraft:rotten_flesh":3,"minecraft:torch":6,"minecraft:dirt":22,"minecraft:carrot":9,"minecraft:granite":2,"alexsmobs:maggot":2,"minecraft:iron_axe":1,"minecraft:iron_helmet":1,"minecraft:iron_boots":1,"minecraft:furnace":5,"duckling:duck_egg":2,"tombstone:gift":4,"minecraft:cooked_beef":2,"minecraft:wheat_seeds":56,"minecraft:stone_pickaxe":132,"minecraft:wooden_pickaxe":5,"minecraft:crafting_table":3,"earthmobsmod:duck_egg":1,"duckling:raw_duck":1,"minecraft:bread":18,"minecraft:iron_pickaxe":289,"tombstone:magic_scroll":2,"minecraft:cobblestone":32,"minecraft:cooked_porkchop":3,"alexsmobs:animal_dictionary":3},"minecraft:dropped":{"minecraft:bread":5,"minecraft:iron_sword":1,"minecraft:wheat_seeds":8,"luminousworld:ishstone":18,"minecraft:mossy_cobblestone":2,"minecraft:cobblestone":3,"minecraft:coal":1,"minecraft:stick":4,"minecraft:mutton":2,"tombstone:grave_dust":2,"alexsmobs:raccoon_tail":1,"duckling:raw_duck":1,"minecraft:stone_sword":1,"minecraft:carrot":4,"minecraft:allium":1,"minecraft:wooden_pickaxe":1},"minecraft:mined":{"iceandfire:silver_ore":4,"minecraft:mossy_cobblestone":1,"alexsmobs:leafcutter_anthill":1,"minecraft:granite":91,"minecraft:grass_block":6,"alexsmobs:leafcutter_ant_chamber":9,"luminousworld:grassvariant_2":5,"luminousworld:sunset_petunias":1,"minecraft:tall_seagrass":1,"minecraft:furnace":4,"minecraft:carrots":1,"minecraft:iron_ore":38,"minecraft:fire":2,"minecraft:andesite":13,"minecraft:pumpkin":1,"ecologics:walnut_log":3,"minecraft:stone":167,"minecraft:crafting_table":2,"minecraft:torch":3,"ecologics:walnut_leaves":2,"quark:blossom_log":8,"minecraft:tall_grass":6,"minecraft:copper_ore":11,"minecraft:cobblestone":2,"minecraft:sugar_cane":4,"minecraft:diorite":17,"minecraft:wall_torch":2,"minecraft:wheat":36,"minecraft:grass":18,"biomesoplenty:clover":1,"minecraft:coal_ore":40,"luminousworld:ishstone":9,"minecraft:gravel":2,"minecraft:dirt":17,"luminousworld:grassvariant_3":5,"minecraft:cobweb":5,"minecraft:gold_ore":8,"minecraft:oak_leaves":2}},"DataVersion":3465}