{"stats":{"minecraft:mined":{"placeablesmod:cooked_beef_block":1,"alexsmobs:leafcutter_anthill":1,"minecraft:granite":110,"minecraft:grass_block":259,"minecraft:tall_seagrass":1,"minecraft:fire":2,"minecraft:iron_ore":95,"minecraft:pumpkin":1,"minecraft:anvil":1,"minecraft:deepslate_lapis_ore":4,"biomesoplenty:hanging_cobweb":1,"ecologics:walnut_log":3,"biomesoplenty:hanging_cobweb_strand":1,"minecraft:torch":26,"quark:blossom_log":8,"minecraft:cobblestone":2,"minecraft:sugar_cane":4,"minecraft:wall_torch":24,"minecraft:birch_sapling":1,"biomesoplenty:magic_planks":6,"biomesoplenty:magic_leaves":1,"minecraft:birch_log":110,"minecraft:wheat":39,"minecraft:grass":23,"biomesoplenty:clover":1,"minecraft:oak_log":7,"minecraft:dirt":129,"luminousworld:grassvariant_3":5,"minecraft:oak_leaves":48,"minecraft:deepslate":7,"luminousworld:groundpebbles_1":1,"iceandfire:silver_ore":18,"minecraft:mossy_cobblestone":1,"minecraft:stripped_birch_log":1,"biomesoplenty:bush":16,"minecraft:allium":5,"alexsmobs:leafcutter_ant_chamber":9,"luminousworld:grassvariant_2":5,"luminousworld:sunset_petunias":1,"minecraft:furnace":5,"minecraft:carrots":1,"minecraft:andesite":13,"biomesoplenty:magic_log":39,"minecraft:stone":285,"biomesoplenty:spider_egg":1,"minecraft:smithing_table":1,"quark:oak_chest":3,"minecraft:crafting_table":3,"iceandfire:pixie_house_mushroom_brown":1,"ecologics:walnut_leaves":2,"minecraft:tall_grass":6,"minecraft:copper_ore":11,"minecraft:deepslate_gold_ore":6,"biomesoplenty:sprout":1,"minecraft:diorite":19,"supplementaries:urn":4,"biomesoplenty:mahogany_log":8,"minecraft:birch_leaves":56,"iceandfire:ash":1,"minecraft:coal_ore":174,"luminousworld:ishstone":16,"minecraft:gravel":43,"biomesoplenty:stringy_cobweb":1,"minecraft:cobweb":10,"minecraft:gold_ore":10},"minecraft:dropped":{"minecraft:iron_sword":1,"minecraft:emerald":5,"minecraft:dirt":550,"minecraft:raw_copper_block":2,"minecraft:mutton":2,"minecraft:bone_meal":2,"iceandfire:ash":1,"alexsmobs:raccoon_tail":3,"minecraft:white_wool":2,"quark:oak_chest":1,"minecraft:gravel":4,"duckling:raw_duck":1,"minecraft:sugar_cane":14,"alexsmobs:animal_dictionary":2,"minecraft:wheat":3,"minecraft:golden_shovel":1,"minecraft:carrot":4,"minecraft:rabbit_hide":3,"supplementaries:ash":4,"minecraft:gunpowder":4,"minecraft:arrow":2,"minecraft:water_bucket":1,"minecraft:enchanted_book":1,"minecraft:bread":5,"minecraft:wheat_seeds":84,"minecraft:cherry_log":1,"luminousworld:ishstone":18,"minecraft:mossy_cobblestone":2,"quark:blossom_planks":6,"minecraft:cobblestone":20,"minecraft:copper_ingot":50,"minecraft:chainmail_helmet":1,"minecraft:grass_block":2,"minecraft:coal":9,"minecraft:stick":18,"mca:book_romance":2,"tombstone:grave_dust":6,"minecraft:pumpkin":2,"minecraft:iron_axe":1,"minecraft:string":17,"minecraft:dandelion":13,"minecraft:stone_sword":1,"minecraft:raw_copper":18,"minecraft:stone":2,"minecraft:allium":6,"luminousworld:groundpebbles_1":2,"minecraft:andesite":38,"minecraft:oak_sapling":1,"minecraft:spider_eye":8,"minecraft:wooden_pickaxe":1},"minecraft:used":{"minecraft:iron_shovel":262,"duckling:cooked_duck":12,"minecraft:chest":1,"minecraft:stone":10,"minecraft:iron_sword":302,"minecraft:rotten_flesh":3,"minecraft:carrot":22,"minecraft:coal_ore":23,"minecraft:birch_sapling":22,"minecraft:iron_helmet":1,"minecraft:bow":1,"minecraft:furnace":7,"minecraft:diorite":2,"minecraft:stripped_birch_log":1,"minecraft:stone_pickaxe":132,"minecraft:wooden_pickaxe":5,"luminousworld:groundpebbles_1":1,"biomesoplenty:magic_planks":52,"earthmobsmod:duck_egg":1,"duckling:raw_duck":1,"minecraft:bread":18,"born_in_chaos_v1:smoked_monster_flesh":1,"minecraft:cooked_rabbit":1,"minecraft:birch_log":106,"minecraft:bone_meal":9,"minecraft:golden_pickaxe":33,"minecraft:stone_sword":63,"born_in_chaos_v1:fried_maggot":8,"minecraft:cooked_chicken":2,"minecraft:torch":57,"minecraft:dirt":26,"minecraft:anvil":1,"minecraft:granite":70,"alexsmobs:maggot":2,"minecraft:iron_axe":263,"minecraft:iron_boots":1,"duckling:duck_egg":6,"tombstone:gift":6,"minecraft:trapped_chest":1,"minecraft:cooked_beef":10,"naturalist:bass":1,"minecraft:wheat_seeds":91,"minecraft:water_bucket":13,"minecraft:iron_ore":1,"minecraft:crafting_table":5,"minecraft:red_bed":1,"minecraft:cod":19,"minecraft:smoker":1,"minecraft:iron_pickaxe":653,"tombstone:magic_scroll":2,"minecraft:stone_axe":93,"iceandfire:silver_hoe":37,"minecraft:cobblestone":38,"minecraft:cooked_porkchop":3,"minecraft:bucket":14,"quark:oak_chest":4,"alexsmobs:animal_dictionary":3,"iceandfire:silver_shovel":162,"minecraft:chainmail_leggings":1},"minecraft:picked_up":{"minecraft:wheat":70,"minecraft:anvil":1,"minecraft:smithing_table":1,"minecraft:enchanted_book":2,"minecraft:golden_shovel":2,"minecraft:string":13,"minecraft:raw_copper":25,"earthmobsmod:duck_egg":1,"minecraft:iron_pickaxe":2,"alexsmobs:raccoon_tail":5,"minecraft:furnace":5,"minecraft:stick":22,"ecologics:walnut_log":3,"minecraft:torch":49,"iceandfire:pixie_house_mushroom_brown":1,"minecraft:porkchop":4,"quark:blossom_log":8,"minecraft:cherry_log":2,"tombstone:grave_dust":8,"minecraft:diorite":11,"quark:blossom_planks":9,"minecraft:stone_sword":1,"artifacts:lucky_scarf":2,"minecraft:rotten_flesh":33,"supplementaries:ash":16,"undead_revamp2:arapholia":1,"minecraft:cobblestone":175,"minecraft:birch_log":110,"minecraft:feather":22,"minecraft:cooked_beef":1,"minecraft:water_bucket":2,"minecraft:andesite":76,"minecraft:smoker":1,"minecraft:flint":6,"minecraft:dirt":1146,"minecraft:lapis_lazuli":26,"minecraft:stripped_birch_log":1,"born_in_chaos_v1:monster_skin":1,"minecraft:bone":8,"undead_revamp2:blacpetalblock":1,"minecraft:wheat_seeds":271,"minecraft:raw_gold":16,"minecraft:rabbit":2,"duckling:duck_egg":6,"minecraft:grass_block":2,"minecraft:dark_oak_log":2,"minecraft:trapped_chest":1,"alexsmobs:animal_dictionary":3,"minecraft:mossy_cobblestone":2,"biomesoplenty:magic_planks":6,"minecraft:granite":96,"minecraft:bone_meal":2,"minecraft:bread":5,"minecraft:chainmail_helmet":2,"minecraft:emerald":10,"alexsmobs:maggot":2,"minecraft:oak_sapling":1,"iceandfire:raw_silver":17,"luminousworld:groundpebbles_1":5,"minecraft:crafting_table":3,"minecraft:allium":6,"minecraft:chicken":3,"minecraft:red_bed":1,"minecraft:iron_axe":2,"minecraft:beef":10,"minecraft:sugar_cane":28,"minecraft:birch_sapling":24,"duckling:raw_duck":14,"minecraft:raw_copper_block":2,"minecraft:raw_iron":124,"minecraft:stone":83,"minecraft:copper_ingot":77,"minecraft:carrot":16,"minecraft:arrow":4,"minecraft:mutton":2,"minecraft:white_wool":4,"born_in_chaos_v1:corpse_maggot":8,"born_in_chaos_v1:monster_flesh":1,"luminousworld:ishstone":32,"minecraft:leather":4,"supplementaries:urn":1,"minecraft:oak_log":7,"minecraft:gunpowder":7,"mca:book_romance":3,"tombstone:gift":1,"naturalist:bass":1,"minecraft:rabbit_hide":3,"minecraft:iron_ingot":1,"minecraft:iron_ore":1,"biomesoplenty:magic_log":39,"minecraft:pumpkin":4,"iceandfire:ash":1,"minecraft:dandelion":13,"minecraft:gravel":55,"quark:oak_chest":4,"minecraft:spider_eye":17,"biomesoplenty:mahogany_log":8,"minecraft:coal_ore":23,"minecraft:slime_ball":1,"tombstone:magic_scroll":1,"minecraft:coal":224},"minecraft:crafted":{"minecraft:oak_planks":8,"minecraft:cooked_chicken":3,"ecologics:walnut_planks":12,"iceandfire:silver_shovel":1,"minecraft:bow":1,"minecraft:iron_boots":1,"minecraft:chest":1,"minecraft:cooked_rabbit":2,"quark:blossom_planks":32,"minecraft:cooked_porkchop":3,"minecraft:crafting_table":2,"minecraft:wooden_pickaxe":1,"minecraft:iron_helmet":1,"minecraft:copper_ingot":23,"minecraft:iron_chestplate":1,"minecraft:stick":36,"quark:oak_chest":1,"minecraft:iron_ingot":48,"minecraft:iron_pickaxe":2,"minecraft:cherry_planks":4,"minecraft:furnace":1,"minecraft:bone_meal":9,"born_in_chaos_v1:smoked_monster_flesh":1,"minecraft:iron_axe":1,"born_in_chaos_v1:fried_maggot":8,"minecraft:stone_pickaxe":1,"biomesoplenty:magic_planks":124,"minecraft:dark_oak_planks":8,"minecraft:cooked_beef":10,"iceandfire:silver_ingot":4,"minecraft:iron_sword":3,"duckling:cooked_duck":12,"minecraft:bucket":1,"minecraft:stone_axe":1,"minecraft:bread":18,"minecraft:air":0,"minecraft:iron_shovel":1,"minecraft:torch":16,"iceandfire:silver_hoe":1},"minecraft:killed":{"earthmobsmod:duck":2,"minecraft:cave_spider":2,"earthmobsmod:jumbo_rabbit":1,"born_in_chaos_v1:zombie_lumberjack":1,"born_in_chaos_v1:skeleton_demoman":1,"minecraft:spider":2,"minecraft:skeleton":2,"alexsmobs:leafcutter_ant":3,"born_in_chaos_v1:firelight_not_despawn":2,"minecraft:pig":1,"naturalist:snake":1,"minecraft:creeper":1,"minecraft:sheep":1,"minecraft:zombie":6,"born_in_chaos_v1:dread_hound":1,"enemyexpansion:vampire":1,"alexsmobs:terrapin":2,"born_in_chaos_v1:corpse_fly":6,"minecraft:cow":1,"earthmobsmod:hyper_rabbit":1,"alexsmobs:raccoon":1,"enemyexpansion:direwolf":3,"born_in_chaos_v1:zombie_bruiser":1,"born_in_chaos_v1:maggot":7,"earthmobsmod:teacup_pig":1,"naturalist:bass":2,"earthmobsmod:fancy_chicken":1,"earthmobsmod:albino_cow":4,"duckling:duck":16,"born_in_chaos_v1:swarmer":1,"undead_revamp2:the_moonflower":2,"enemyexpansion:sprinter":1,"earthmobsmod:cream_cow":1,"born_in_chaos_v1:decrepit_skeleton":1},"minecraft:broken":{"minecraft:iron_shovel":1,"minecraft:stone_pickaxe":1,"minecraft:iron_sword":1,"minecraft:iron_axe":1,"minecraft:iron_pickaxe":1,"minecraft:golden_pickaxe":1},"minecraft:custom":{"minecraft:interact_with_crafting_table":42,"minecraft:open_barrel":7,"minecraft:leave_game":5,"minecraft:time_since_death":3567,"minecraft:sprint_one_cm":521370,"minecraft:drop":162,"minecraft:play_time":185613,"minecraft:deaths":7,"minecraft:jump":1955,"minecraft:walk_on_water_one_cm":34793,"minecraft:interact_with_furnace":86,"minecraft:sleep_in_bed":1,"minecraft:damage_dealt":11267,"minecraft:crouch_one_cm":4240,"tombstone:undead_killed":17,"minecraft:interact_with_smoker":4,"minecraft:interact_with_smithing_table":2,"minecraft:mob_kills":83,"minecraft:interact_with_anvil":1,"minecraft:damage_dealt_resisted":90,"minecraft:climb_one_cm":5062,"minecraft:walk_one_cm":538998,"minecraft:sneak_time":3246,"minecraft:walk_under_water_one_cm":16991,"minecraft:interact_with_blast_furnace":1,"minecraft:total_world_time":185613,"minecraft:time_since_rest":3138,"minecraft:damage_taken":5165,"minecraft:trigger_trapped_chest":6,"tombstone:cast_on_ally":1,"minecraft:swim_one_cm":87125,"minecraft:fly_one_cm":289963,"minecraft:open_chest":44,"minecraft:fall_one_cm":51240}},"DataVersion":3465}