{"stats":{"minecraft:picked_up":{"luminousworld:groundpebbles_1":2,"minecraft:crafting_table":3,"minecraft:wheat":54,"minecraft:allium":6,"minecraft:chicken":3,"minecraft:string":6,"minecraft:raw_copper":23,"earthmobsmod:duck_egg":1,"minecraft:beef":10,"minecraft:iron_pickaxe":1,"alexsmobs:raccoon_tail":2,"minecraft:sugar_cane":7,"duckling:raw_duck":2,"minecraft:furnace":5,"minecraft:raw_iron":37,"ecologics:walnut_log":3,"minecraft:torch":16,"iceandfire:pixie_house_mushroom_brown":1,"minecraft:porkchop":4,"quark:blossom_log":8,"minecraft:cherry_log":1,"tombstone:grave_dust":2,"minecraft:diorite":10,"minecraft:carrot":16,"minecraft:stone_sword":1,"minecraft:arrow":3,"minecraft:rotten_flesh":3,"minecraft:mutton":2,"minecraft:white_wool":1,"minecraft:cobblestone":133,"minecraft:birch_log":17,"born_in_chaos_v1:corpse_maggot":2,"minecraft:feather":5,"minecraft:andesite":19,"luminousworld:ishstone":18,"minecraft:leather":4,"minecraft:oak_log":7,"minecraft:dirt":270,"tombstone:gift":1,"minecraft:bone":3,"minecraft:wheat_seeds":134,"minecraft:raw_gold":8,"minecraft:rabbit_hide":1,"minecraft:iron_ingot":1,"biomesoplenty:magic_log":31,"minecraft:rabbit":1,"duckling:duck_egg":2,"minecraft:pumpkin":1,"iceandfire:ash":1,"minecraft:dandelion":13,"quark:oak_chest":1,"minecraft:mossy_cobblestone":2,"biomesoplenty:magic_planks":6,"minecraft:granite":84,"minecraft:bread":5,"alexsmobs:maggot":2,"minecraft:oak_sapling":1,"tombstone:magic_scroll":1,"minecraft:coal":69,"iceandfire:raw_silver":4},"minecraft:killed":{"earthmobsmod:duck":2,"earthmobsmod:hyper_rabbit":1,"alexsmobs:raccoon":1,"minecraft:spider":1,"enemyexpansion:direwolf":2,"minecraft:skeleton":1,"alexsmobs:leafcutter_ant":3,"earthmobsmod:teacup_pig":1,"earthmobsmod:fancy_chicken":1,"born_in_chaos_v1:firelight_not_despawn":2,"earthmobsmod:albino_cow":4,"minecraft:pig":1,"duckling:duck":4,"naturalist:snake":1,"earthmobsmod:cream_cow":1,"minecraft:sheep":1,"minecraft:zombie":1,"born_in_chaos_v1:corpse_fly":2,"minecraft:cow":1},"minecraft:broken":{"minecraft:iron_shovel":1,"minecraft:stone_pickaxe":1,"minecraft:iron_pickaxe":1},"minecraft:custom":{"minecraft:mob_kills":32,"minecraft:interact_with_crafting_table":33,"minecraft:leave_game":4,"minecraft:time_since_death":37385,"minecraft:climb_one_cm":4702,"minecraft:sprint_one_cm":308112,"minecraft:walk_one_cm":307660,"minecraft:drop":62,"minecraft:play_time":110279,"minecraft:deaths":4,"minecraft:sneak_time":2485,"minecraft:walk_under_water_one_cm":6421,"minecraft:jump":1283,"minecraft:walk_on_water_one_cm":19285,"minecraft:total_world_time":110279,"minecraft:interact_with_furnace":58,"minecraft:time_since_rest":35848,"minecraft:damage_taken":3072,"minecraft:damage_dealt":4050,"tombstone:cast_on_ally":1,"minecraft:swim_one_cm":43585,"minecraft:fly_one_cm":213605,"minecraft:open_chest":10,"minecraft:crouch_one_cm":3310,"tombstone:undead_killed":2,"minecraft:fall_one_cm":38431},"minecraft:used":{"minecraft:stone_sword":63,"minecraft:iron_shovel":262,"minecraft:iron_sword":97,"minecraft:cooked_chicken":2,"minecraft:rotten_flesh":3,"minecraft:torch":23,"minecraft:dirt":22,"minecraft:carrot":22,"minecraft:granite":61,"alexsmobs:maggot":2,"minecraft:iron_axe":89,"minecraft:iron_helmet":1,"minecraft:iron_boots":1,"minecraft:furnace":7,"duckling:duck_egg":2,"tombstone:gift":4,"minecraft:cooked_beef":9,"minecraft:wheat_seeds":87,"minecraft:diorite":1,"minecraft:stone_pickaxe":132,"minecraft:wooden_pickaxe":5,"luminousworld:groundpebbles_1":1,"minecraft:crafting_table":5,"biomesoplenty:magic_planks":52,"earthmobsmod:duck_egg":1,"duckling:raw_duck":1,"minecraft:bread":18,"minecraft:iron_pickaxe":303,"tombstone:magic_scroll":2,"iceandfire:silver_hoe":37,"minecraft:cobblestone":32,"minecraft:cooked_porkchop":3,"quark:oak_chest":2,"alexsmobs:animal_dictionary":3,"iceandfire:silver_shovel":15},"minecraft:crafted":{"minecraft:oak_planks":8,"minecraft:cooked_chicken":3,"ecologics:walnut_planks":12,"iceandfire:silver_shovel":1,"minecraft:furnace":1,"minecraft:iron_boots":1,"minecraft:iron_axe":1,"minecraft:stone_pickaxe":1,"biomesoplenty:magic_planks":124,"minecraft:cooked_rabbit":1,"minecraft:cooked_beef":10,"quark:blossom_planks":32,"iceandfire:silver_ingot":4,"minecraft:cooked_porkchop":3,"minecraft:crafting_table":2,"minecraft:wooden_pickaxe":1,"minecraft:iron_helmet":1,"minecraft:iron_sword":3,"minecraft:bread":18,"minecraft:air":0,"minecraft:iron_chestplate":1,"minecraft:stick":32,"quark:oak_chest":1,"minecraft:iron_ingot":37,"minecraft:iron_pickaxe":2,"minecraft:iron_shovel":1,"minecraft:torch":16,"iceandfire:silver_hoe":1},"minecraft:dropped":{"minecraft:bread":5,"minecraft:iron_sword":1,"minecraft:wheat_seeds":11,"minecraft:cherry_log":1,"luminousworld:ishstone":18,"minecraft:mossy_cobblestone":2,"minecraft:cobblestone":3,"minecraft:coal":1,"minecraft:stick":6,"minecraft:dirt":14,"minecraft:mutton":2,"tombstone:grave_dust":2,"minecraft:string":1,"alexsmobs:raccoon_tail":1,"minecraft:dandelion":13,"duckling:raw_duck":1,"minecraft:stone_sword":1,"minecraft:carrot":4,"minecraft:rabbit_hide":1,"minecraft:allium":2,"minecraft:oak_sapling":1,"minecraft:arrow":2,"minecraft:wooden_pickaxe":1},"minecraft:mined":{"luminousworld:groundpebbles_1":1,"iceandfire:silver_ore":4,"minecraft:mossy_cobblestone":1,"alexsmobs:leafcutter_anthill":1,"minecraft:granite":98,"biomesoplenty:bush":15,"minecraft:allium":5,"minecraft:grass_block":170,"alexsmobs:leafcutter_ant_chamber":9,"luminousworld:grassvariant_2":5,"luminousworld:sunset_petunias":1,"minecraft:tall_seagrass":1,"minecraft:furnace":5,"minecraft:carrots":1,"minecraft:iron_ore":38,"minecraft:fire":2,"minecraft:andesite":13,"minecraft:pumpkin":1,"biomesoplenty:magic_log":31,"ecologics:walnut_log":3,"minecraft:stone":167,"quark:oak_chest":1,"minecraft:crafting_table":3,"minecraft:torch":10,"iceandfire:pixie_house_mushroom_brown":1,"ecologics:walnut_leaves":2,"quark:blossom_log":8,"minecraft:tall_grass":6,"minecraft:copper_ore":11,"minecraft:cobblestone":2,"minecraft:sugar_cane":4,"minecraft:diorite":17,"minecraft:wall_torch":6,"biomesoplenty:magic_planks":6,"biomesoplenty:magic_leaves":1,"minecraft:birch_log":17,"minecraft:wheat":36,"iceandfire:ash":1,"minecraft:grass":22,"biomesoplenty:clover":1,"minecraft:oak_log":7,"minecraft:coal_ore":40,"luminousworld:ishstone":9,"minecraft:gravel":2,"minecraft:dirt":106,"luminousworld:grassvariant_3":5,"minecraft:cobweb":5,"minecraft:gold_ore":8,"minecraft:oak_leaves":48}},"DataVersion":3465}