{"stats":{"minecraft:picked_up":{"born_in_chaos_v1:corpse_maggot":1,"minecraft:crafting_table":1,"minecraft:wheat":54,"minecraft:feather":4,"minecraft:chicken":3,"minecraft:andesite":19,"luminousworld:ishstone":18,"minecraft:dirt":10,"tombstone:gift":1,"minecraft:raw_copper":23,"minecraft:bone":1,"minecraft:wheat_seeds":128,"minecraft:raw_gold":8,"earthmobsmod:duck_egg":1,"minecraft:rabbit_hide":1,"minecraft:rabbit":1,"alexsmobs:raccoon_tail":2,"minecraft:sugar_cane":2,"duckling:duck_egg":1,"duckling:raw_duck":2,"minecraft:furnace":3,"minecraft:raw_iron":31,"ecologics:walnut_log":3,"minecraft:pumpkin":1,"minecraft:torch":4,"minecraft:dandelion":13,"quark:blossom_log":8,"minecraft:porkchop":3,"tombstone:grave_dust":2,"minecraft:diorite":10,"minecraft:carrot":8,"minecraft:mossy_cobblestone":2,"minecraft:stone_sword":1,"minecraft:rotten_flesh":3,"minecraft:granite":77,"minecraft:bread":3,"alexsmobs:maggot":2,"tombstone:magic_scroll":1,"minecraft:mutton":2,"minecraft:coal":41,"minecraft:white_wool":1,"iceandfire:raw_silver":4,"minecraft:cobblestone":131},"minecraft:killed":{"earthmobsmod:duck":2,"minecraft:pig":1,"earthmobsmod:hyper_rabbit":1,"duckling:duck":2,"naturalist:snake":1,"alexsmobs:raccoon":1,"enemyexpansion:direwolf":1,"minecraft:sheep":1,"minecraft:zombie":1,"born_in_chaos_v1:corpse_fly":1,"earthmobsmod:fancy_chicken":1,"born_in_chaos_v1:firelight_not_despawn":2,"minecraft:cow":1},"minecraft:broken":{"minecraft:stone_pickaxe":1,"minecraft:iron_pickaxe":1},"minecraft:crafted":{"quark:blossom_planks":32,"minecraft:cooked_porkchop":2,"iceandfire:silver_ingot":4,"minecraft:crafting_table":1,"ecologics:walnut_planks":12,"minecraft:iron_helmet":1,"minecraft:wooden_pickaxe":1,"minecraft:cooked_chicken":3,"minecraft:iron_sword":2,"minecraft:furnace":1,"minecraft:bread":18,"minecraft:air":0,"minecraft:iron_chestplate":1,"minecraft:iron_boots":1,"minecraft:stick":20,"minecraft:iron_ingot":31,"minecraft:stone_pickaxe":1,"minecraft:iron_pickaxe":2,"minecraft:iron_shovel":1,"minecraft:torch":16,"minecraft:cooked_rabbit":1},"minecraft:custom":{"minecraft:interact_with_furnace":44,"minecraft:mob_kills":16,"minecraft:interact_with_crafting_table":22,"minecraft:leave_game":4,"minecraft:time_since_death":49336,"minecraft:climb_one_cm":4702,"minecraft:time_since_rest":48085,"minecraft:sprint_one_cm":180590,"minecraft:damage_taken":1625,"minecraft:walk_one_cm":147720,"minecraft:drop":47,"minecraft:damage_dealt":1734,"tombstone:cast_on_ally":1,"minecraft:swim_one_cm":20876,"minecraft:fly_one_cm":107673,"minecraft:crouch_one_cm":467,"minecraft:play_time":64324,"tombstone:undead_killed":1,"minecraft:deaths":3,"minecraft:sneak_time":270,"minecraft:walk_under_water_one_cm":4973,"minecraft:jump":694,"minecraft:walk_on_water_one_cm":8002,"minecraft:total_world_time":64324,"minecraft:fall_one_cm":18691},"minecraft:used":{"minecraft:wheat_seeds":56,"minecraft:iron_shovel":1,"minecraft:stone_sword":63,"minecraft:stone_pickaxe":132,"minecraft:wooden_pickaxe":5,"minecraft:iron_sword":23,"minecraft:cooked_chicken":2,"minecraft:rotten_flesh":1,"minecraft:torch":4,"minecraft:crafting_table":2,"minecraft:carrot":9,"alexsmobs:maggot":2,"earthmobsmod:duck_egg":1,"duckling:raw_duck":1,"minecraft:bread":16,"minecraft:iron_pickaxe":271,"tombstone:magic_scroll":2,"minecraft:iron_helmet":1,"minecraft:iron_boots":1,"duckling:duck_egg":1,"minecraft:furnace":4,"minecraft:cooked_porkchop":2,"tombstone:gift":4,"alexsmobs:animal_dictionary":3},"minecraft:dropped":{"minecraft:bread":5,"duckling:raw_duck":1,"minecraft:iron_sword":1,"minecraft:wheat_seeds":8,"minecraft:stone_sword":1,"luminousworld:ishstone":18,"minecraft:mossy_cobblestone":2,"minecraft:cobblestone":3,"minecraft:carrot":4,"minecraft:coal":1,"minecraft:stick":4,"minecraft:mutton":2,"tombstone:grave_dust":2,"minecraft:wooden_pickaxe":1,"alexsmobs:raccoon_tail":1},"minecraft:mined":{"iceandfire:silver_ore":4,"minecraft:mossy_cobblestone":1,"minecraft:crafting_table":1,"minecraft:torch":1,"minecraft:granite":91,"ecologics:walnut_leaves":2,"quark:blossom_log":8,"luminousworld:grassvariant_2":5,"minecraft:copper_ore":11,"minecraft:tall_grass":4,"minecraft:cobblestone":2,"minecraft:sugar_cane":1,"minecraft:diorite":17,"minecraft:wall_torch":2,"minecraft:tall_seagrass":1,"luminousworld:sunset_petunias":1,"minecraft:furnace":3,"minecraft:carrots":1,"minecraft:iron_ore":31,"minecraft:fire":2,"minecraft:wheat":36,"minecraft:andesite":13,"minecraft:pumpkin":1,"minecraft:grass":17,"minecraft:coal_ore":40,"luminousworld:ishstone":9,"minecraft:gravel":2,"minecraft:dirt":10,"luminousworld:grassvariant_3":4,"ecologics:walnut_log":3,"minecraft:stone":166,"minecraft:gold_ore":8}},"DataVersion":3465}