{"stats":{"minecraft:picked_up":{"luminousworld:groundpebbles_1":2,"minecraft:crafting_table":3,"minecraft:wheat":56,"minecraft:allium":6,"minecraft:chicken":3,"minecraft:string":6,"minecraft:raw_copper":23,"earthmobsmod:duck_egg":1,"minecraft:beef":10,"minecraft:iron_pickaxe":1,"alexsmobs:raccoon_tail":2,"minecraft:sugar_cane":7,"minecraft:birch_sapling":7,"duckling:raw_duck":7,"minecraft:furnace":5,"minecraft:stone":4,"minecraft:stick":2,"minecraft:raw_iron":37,"ecologics:walnut_log":3,"minecraft:torch":23,"iceandfire:pixie_house_mushroom_brown":1,"minecraft:porkchop":4,"quark:blossom_log":8,"minecraft:cherry_log":1,"tombstone:grave_dust":2,"minecraft:diorite":11,"minecraft:carrot":16,"minecraft:stone_sword":1,"minecraft:arrow":3,"minecraft:rotten_flesh":3,"minecraft:mutton":2,"minecraft:white_wool":1,"minecraft:cobblestone":133,"minecraft:birch_log":43,"born_in_chaos_v1:corpse_maggot":2,"minecraft:feather":12,"minecraft:cooked_beef":1,"minecraft:andesite":19,"luminousworld:ishstone":18,"minecraft:leather":4,"minecraft:oak_log":7,"minecraft:dirt":361,"tombstone:gift":1,"naturalist:bass":1,"minecraft:bone":3,"minecraft:wheat_seeds":136,"minecraft:raw_gold":8,"minecraft:rabbit_hide":1,"minecraft:iron_ingot":1,"biomesoplenty:magic_log":39,"minecraft:rabbit":1,"duckling:duck_egg":2,"minecraft:pumpkin":1,"iceandfire:ash":1,"minecraft:dandelion":13,"minecraft:grass_block":2,"quark:oak_chest":1,"minecraft:mossy_cobblestone":2,"biomesoplenty:mahogany_log":8,"biomesoplenty:magic_planks":6,"minecraft:granite":84,"minecraft:bone_meal":1,"minecraft:bread":5,"alexsmobs:maggot":2,"minecraft:oak_sapling":1,"tombstone:magic_scroll":1,"minecraft:coal":69,"iceandfire:raw_silver":4},"minecraft:killed":{"earthmobsmod:duck":2,"earthmobsmod:hyper_rabbit":1,"alexsmobs:raccoon":1,"minecraft:spider":1,"enemyexpansion:direwolf":2,"born_in_chaos_v1:maggot":2,"minecraft:skeleton":1,"alexsmobs:leafcutter_ant":3,"earthmobsmod:teacup_pig":1,"naturalist:bass":2,"earthmobsmod:fancy_chicken":1,"born_in_chaos_v1:firelight_not_despawn":2,"earthmobsmod:albino_cow":4,"minecraft:pig":1,"duckling:duck":9,"naturalist:snake":1,"earthmobsmod:cream_cow":1,"minecraft:sheep":1,"minecraft:zombie":2,"born_in_chaos_v1:corpse_fly":2,"minecraft:cow":1},"minecraft:broken":{"minecraft:iron_shovel":1,"minecraft:stone_pickaxe":1,"minecraft:iron_pickaxe":1},"minecraft:custom":{"minecraft:mob_kills":42,"minecraft:interact_with_crafting_table":36,"minecraft:leave_game":5,"minecraft:time_since_death":52474,"minecraft:climb_one_cm":4866,"minecraft:sprint_one_cm":371526,"minecraft:walk_one_cm":351195,"minecraft:drop":71,"minecraft:play_time":125368,"minecraft:deaths":4,"minecraft:sneak_time":2592,"minecraft:walk_under_water_one_cm":7316,"minecraft:jump":1449,"minecraft:walk_on_water_one_cm":22664,"minecraft:total_world_time":125368,"minecraft:interact_with_furnace":66,"minecraft:time_since_rest":50937,"minecraft:damage_taken":3301,"minecraft:damage_dealt":4702,"tombstone:cast_on_ally":1,"minecraft:swim_one_cm":57434,"minecraft:fly_one_cm":236687,"minecraft:open_chest":17,"minecraft:crouch_one_cm":3310,"tombstone:undead_killed":3,"minecraft:fall_one_cm":41394},"minecraft:used":{"minecraft:stone_sword":63,"minecraft:iron_shovel":262,"duckling:cooked_duck":3,"minecraft:stone":1,"minecraft:iron_sword":126,"minecraft:cooked_chicken":2,"minecraft:rotten_flesh":3,"minecraft:torch":31,"minecraft:dirt":22,"minecraft:carrot":22,"minecraft:granite":61,"alexsmobs:maggot":2,"minecraft:iron_axe":185,"minecraft:birch_sapling":7,"minecraft:iron_helmet":1,"minecraft:iron_boots":1,"minecraft:furnace":7,"duckling:duck_egg":2,"tombstone:gift":4,"minecraft:cooked_beef":10,"naturalist:bass":1,"minecraft:wheat_seeds":88,"minecraft:diorite":2,"minecraft:stone_pickaxe":132,"minecraft:wooden_pickaxe":5,"luminousworld:groundpebbles_1":1,"minecraft:crafting_table":5,"biomesoplenty:magic_planks":52,"earthmobsmod:duck_egg":1,"duckling:raw_duck":1,"minecraft:bread":18,"minecraft:iron_pickaxe":310,"tombstone:magic_scroll":2,"iceandfire:silver_hoe":37,"minecraft:cobblestone":32,"minecraft:cooked_porkchop":3,"minecraft:bucket":1,"minecraft:birch_log":43,"quark:oak_chest":2,"alexsmobs:animal_dictionary":3,"iceandfire:silver_shovel":103,"minecraft:bone_meal":8},"minecraft:crafted":{"minecraft:oak_planks":8,"minecraft:cooked_chicken":3,"ecologics:walnut_planks":12,"iceandfire:silver_shovel":1,"minecraft:furnace":1,"minecraft:bone_meal":9,"minecraft:iron_boots":1,"minecraft:iron_axe":1,"minecraft:stone_pickaxe":1,"biomesoplenty:magic_planks":124,"minecraft:cooked_rabbit":1,"minecraft:cooked_beef":10,"quark:blossom_planks":32,"iceandfire:silver_ingot":4,"minecraft:cooked_porkchop":3,"minecraft:crafting_table":2,"minecraft:wooden_pickaxe":1,"minecraft:iron_helmet":1,"minecraft:iron_sword":3,"duckling:cooked_duck":5,"minecraft:copper_ingot":23,"minecraft:bucket":1,"minecraft:bread":18,"minecraft:air":0,"minecraft:iron_chestplate":1,"minecraft:stick":32,"quark:oak_chest":1,"minecraft:iron_ingot":37,"minecraft:iron_pickaxe":2,"minecraft:iron_shovel":1,"minecraft:torch":16,"iceandfire:silver_hoe":1},"minecraft:dropped":{"minecraft:bread":5,"minecraft:iron_sword":1,"minecraft:wheat_seeds":12,"minecraft:cherry_log":1,"luminousworld:ishstone":18,"minecraft:mossy_cobblestone":2,"minecraft:cobblestone":3,"minecraft:grass_block":2,"minecraft:coal":1,"minecraft:stick":10,"minecraft:dirt":14,"minecraft:mutton":2,"tombstone:grave_dust":2,"minecraft:bone_meal":1,"iceandfire:ash":1,"minecraft:string":1,"alexsmobs:raccoon_tail":1,"minecraft:dandelion":13,"duckling:raw_duck":1,"minecraft:stone_sword":1,"minecraft:wheat":1,"minecraft:carrot":4,"minecraft:rabbit_hide":1,"minecraft:allium":2,"minecraft:oak_sapling":1,"minecraft:arrow":2,"minecraft:wooden_pickaxe":1},"minecraft:mined":{"luminousworld:groundpebbles_1":1,"iceandfire:silver_ore":4,"minecraft:mossy_cobblestone":1,"placeablesmod:cooked_beef_block":1,"alexsmobs:leafcutter_anthill":1,"minecraft:granite":98,"biomesoplenty:bush":15,"minecraft:allium":5,"minecraft:grass_block":255,"alexsmobs:leafcutter_ant_chamber":9,"luminousworld:grassvariant_2":5,"luminousworld:sunset_petunias":1,"minecraft:tall_seagrass":1,"minecraft:furnace":5,"minecraft:carrots":1,"minecraft:iron_ore":38,"minecraft:fire":2,"minecraft:andesite":13,"minecraft:pumpkin":1,"biomesoplenty:magic_log":39,"ecologics:walnut_log":3,"minecraft:stone":171,"quark:oak_chest":1,"minecraft:crafting_table":3,"minecraft:torch":15,"iceandfire:pixie_house_mushroom_brown":1,"ecologics:walnut_leaves":2,"quark:blossom_log":8,"minecraft:tall_grass":6,"minecraft:copper_ore":11,"minecraft:cobblestone":2,"biomesoplenty:sprout":1,"minecraft:sugar_cane":4,"minecraft:diorite":18,"minecraft:wall_torch":8,"biomesoplenty:magic_planks":6,"biomesoplenty:magic_leaves":1,"biomesoplenty:mahogany_log":8,"minecraft:birch_log":43,"minecraft:wheat":37,"minecraft:birch_leaves":52,"iceandfire:ash":1,"minecraft:grass":23,"biomesoplenty:clover":1,"minecraft:oak_log":7,"minecraft:coal_ore":40,"luminousworld:ishstone":9,"minecraft:gravel":2,"minecraft:dirt":111,"luminousworld:grassvariant_3":5,"minecraft:cobweb":5,"minecraft:gold_ore":8,"minecraft:oak_leaves":48}},"DataVersion":3465}