{"stats":{"minecraft:mined":{"luminousworld:groundpebbles_1":1,"iceandfire:silver_ore":17,"minecraft:mossy_cobblestone":1,"placeablesmod:cooked_beef_block":1,"alexsmobs:leafcutter_anthill":1,"minecraft:stripped_birch_log":1,"minecraft:granite":102,"biomesoplenty:bush":16,"minecraft:allium":5,"minecraft:grass_block":258,"alexsmobs:leafcutter_ant_chamber":9,"luminousworld:grassvariant_2":5,"minecraft:tall_seagrass":1,"luminousworld:sunset_petunias":1,"minecraft:furnace":5,"minecraft:carrots":1,"minecraft:iron_ore":81,"minecraft:fire":2,"minecraft:andesite":13,"minecraft:pumpkin":1,"minecraft:deepslate_lapis_ore":4,"minecraft:anvil":1,"biomesoplenty:hanging_cobweb":1,"biomesoplenty:magic_log":39,"biomesoplenty:spider_egg":1,"ecologics:walnut_log":3,"minecraft:stone":268,"minecraft:smithing_table":1,"quark:oak_chest":3,"biomesoplenty:hanging_cobweb_strand":1,"minecraft:crafting_table":3,"minecraft:torch":23,"iceandfire:pixie_house_mushroom_brown":1,"ecologics:walnut_leaves":2,"quark:blossom_log":8,"minecraft:copper_ore":11,"minecraft:tall_grass":6,"minecraft:cobblestone":2,"biomesoplenty:sprout":1,"minecraft:deepslate_gold_ore":6,"minecraft:sugar_cane":4,"minecraft:diorite":18,"minecraft:wall_torch":21,"supplementaries:urn":4,"minecraft:birch_sapling":1,"biomesoplenty:magic_planks":6,"biomesoplenty:magic_leaves":1,"biomesoplenty:mahogany_log":8,"minecraft:birch_log":110,"minecraft:wheat":37,"minecraft:birch_leaves":56,"iceandfire:ash":1,"minecraft:grass":23,"biomesoplenty:clover":1,"minecraft:oak_log":7,"minecraft:coal_ore":149,"luminousworld:ishstone":16,"minecraft:gravel":43,"minecraft:dirt":126,"biomesoplenty:stringy_cobweb":1,"luminousworld:grassvariant_3":5,"minecraft:cobweb":10,"minecraft:gold_ore":8,"minecraft:deepslate":7,"minecraft:oak_leaves":48},"minecraft:dropped":{"minecraft:enchanted_book":1,"minecraft:water_bucket":1,"minecraft:bread":5,"minecraft:iron_sword":1,"minecraft:wheat_seeds":84,"minecraft:cherry_log":1,"luminousworld:ishstone":18,"minecraft:mossy_cobblestone":2,"quark:blossom_planks":6,"minecraft:cobblestone":20,"minecraft:copper_ingot":50,"minecraft:chainmail_helmet":1,"minecraft:grass_block":2,"minecraft:coal":9,"minecraft:emerald":5,"minecraft:stick":18,"minecraft:dirt":548,"mca:book_romance":2,"minecraft:raw_copper_block":2,"minecraft:mutton":2,"tombstone:grave_dust":6,"minecraft:pumpkin":2,"minecraft:bone_meal":2,"iceandfire:ash":1,"minecraft:iron_axe":1,"minecraft:string":17,"minecraft:white_wool":2,"alexsmobs:raccoon_tail":3,"quark:oak_chest":1,"minecraft:dandelion":13,"minecraft:gravel":4,"duckling:raw_duck":1,"minecraft:sugar_cane":14,"alexsmobs:animal_dictionary":2,"minecraft:stone_sword":1,"minecraft:raw_copper":18,"minecraft:wheat":3,"minecraft:golden_shovel":1,"minecraft:carrot":4,"minecraft:rabbit_hide":1,"supplementaries:ash":4,"minecraft:stone":2,"minecraft:gunpowder":4,"minecraft:allium":6,"luminousworld:groundpebbles_1":2,"minecraft:andesite":38,"minecraft:oak_sapling":1,"minecraft:spider_eye":8,"minecraft:arrow":2,"minecraft:wooden_pickaxe":1},"minecraft:used":{"minecraft:stone_sword":63,"minecraft:iron_shovel":262,"duckling:cooked_duck":12,"minecraft:chest":1,"minecraft:stone":10,"minecraft:iron_sword":301,"born_in_chaos_v1:fried_maggot":8,"minecraft:cooked_chicken":2,"minecraft:rotten_flesh":3,"minecraft:torch":53,"minecraft:dirt":26,"minecraft:carrot":22,"minecraft:granite":61,"alexsmobs:maggot":2,"minecraft:coal_ore":23,"minecraft:iron_axe":228,"minecraft:birch_sapling":22,"minecraft:iron_helmet":1,"minecraft:iron_boots":1,"minecraft:bow":1,"minecraft:furnace":7,"duckling:duck_egg":6,"minecraft:trapped_chest":1,"tombstone:gift":6,"minecraft:cooked_beef":10,"naturalist:bass":1,"minecraft:wheat_seeds":88,"minecraft:water_bucket":5,"minecraft:diorite":2,"minecraft:iron_ore":1,"minecraft:stripped_birch_log":1,"minecraft:stone_pickaxe":132,"minecraft:wooden_pickaxe":5,"luminousworld:groundpebbles_1":1,"minecraft:crafting_table":5,"biomesoplenty:magic_planks":52,"minecraft:cod":18,"earthmobsmod:duck_egg":1,"duckling:raw_duck":1,"minecraft:bread":18,"minecraft:iron_pickaxe":581,"tombstone:magic_scroll":2,"minecraft:stone_axe":93,"iceandfire:silver_hoe":37,"minecraft:cobblestone":32,"minecraft:cooked_porkchop":3,"minecraft:bucket":6,"minecraft:birch_log":106,"quark:oak_chest":4,"alexsmobs:animal_dictionary":3,"iceandfire:silver_shovel":160,"minecraft:golden_pickaxe":33,"minecraft:bone_meal":9,"minecraft:chainmail_leggings":1},"minecraft:picked_up":{"luminousworld:groundpebbles_1":5,"minecraft:crafting_table":3,"minecraft:wheat":59,"minecraft:allium":6,"minecraft:chicken":3,"minecraft:anvil":1,"minecraft:smithing_table":1,"minecraft:golden_shovel":2,"minecraft:enchanted_book":2,"minecraft:iron_axe":2,"minecraft:red_bed":1,"minecraft:string":11,"minecraft:raw_copper":25,"earthmobsmod:duck_egg":1,"minecraft:beef":10,"minecraft:iron_pickaxe":2,"alexsmobs:raccoon_tail":5,"minecraft:sugar_cane":28,"minecraft:birch_sapling":24,"minecraft:raw_copper_block":2,"duckling:raw_duck":14,"minecraft:furnace":5,"minecraft:stick":22,"minecraft:raw_iron":108,"minecraft:stone":83,"ecologics:walnut_log":3,"minecraft:copper_ingot":77,"minecraft:torch":44,"iceandfire:pixie_house_mushroom_brown":1,"quark:blossom_log":8,"minecraft:porkchop":4,"minecraft:cherry_log":2,"tombstone:grave_dust":8,"minecraft:diorite":11,"minecraft:carrot":16,"quark:blossom_planks":9,"minecraft:stone_sword":1,"minecraft:arrow":4,"artifacts:lucky_scarf":2,"minecraft:rotten_flesh":33,"supplementaries:ash":16,"minecraft:mutton":2,"minecraft:white_wool":4,"minecraft:cobblestone":169,"minecraft:birch_log":110,"born_in_chaos_v1:corpse_maggot":8,"minecraft:feather":22,"minecraft:cooked_beef":1,"minecraft:water_bucket":2,"minecraft:andesite":76,"luminousworld:ishstone":32,"minecraft:leather":4,"minecraft:smoker":1,"supplementaries:urn":1,"minecraft:flint":6,"minecraft:oak_log":7,"minecraft:lapis_lazuli":26,"mca:book_romance":3,"minecraft:gunpowder":6,"minecraft:stripped_birch_log":1,"minecraft:dirt":1144,"tombstone:gift":1,"naturalist:bass":1,"minecraft:bone":8,"minecraft:wheat_seeds":244,"minecraft:raw_gold":14,"minecraft:rabbit_hide":1,"minecraft:iron_ingot":1,"minecraft:iron_ore":1,"biomesoplenty:magic_log":39,"minecraft:rabbit":1,"duckling:duck_egg":6,"minecraft:pumpkin":4,"minecraft:gravel":55,"iceandfire:ash":1,"minecraft:dandelion":13,"minecraft:trapped_chest":1,"minecraft:spider_eye":17,"minecraft:grass_block":2,"minecraft:dark_oak_log":2,"quark:oak_chest":4,"alexsmobs:animal_dictionary":3,"minecraft:mossy_cobblestone":2,"biomesoplenty:mahogany_log":8,"minecraft:coal_ore":23,"minecraft:slime_ball":1,"biomesoplenty:magic_planks":6,"minecraft:granite":88,"minecraft:bone_meal":2,"minecraft:emerald":10,"minecraft:chainmail_helmet":2,"minecraft:bread":5,"alexsmobs:maggot":2,"tombstone:magic_scroll":1,"minecraft:oak_sapling":1,"minecraft:coal":188,"iceandfire:raw_silver":16},"minecraft:crafted":{"minecraft:cherry_planks":4,"minecraft:oak_planks":8,"ecologics:walnut_planks":12,"minecraft:cooked_chicken":3,"iceandfire:silver_shovel":1,"minecraft:furnace":1,"minecraft:bone_meal":9,"minecraft:bow":1,"minecraft:iron_boots":1,"minecraft:iron_axe":1,"born_in_chaos_v1:fried_maggot":8,"minecraft:stone_pickaxe":1,"minecraft:chest":1,"biomesoplenty:magic_planks":124,"minecraft:dark_oak_planks":8,"minecraft:cooked_rabbit":1,"minecraft:cooked_beef":10,"quark:blossom_planks":32,"iceandfire:silver_ingot":4,"minecraft:cooked_porkchop":3,"minecraft:crafting_table":2,"minecraft:wooden_pickaxe":1,"minecraft:iron_helmet":1,"minecraft:iron_sword":3,"duckling:cooked_duck":12,"minecraft:copper_ingot":23,"minecraft:bucket":1,"minecraft:stone_axe":1,"minecraft:bread":18,"minecraft:air":0,"minecraft:iron_chestplate":1,"minecraft:stick":36,"quark:oak_chest":1,"minecraft:iron_ingot":37,"minecraft:iron_pickaxe":2,"minecraft:iron_shovel":1,"minecraft:torch":16,"iceandfire:silver_hoe":1},"minecraft:killed":{"earthmobsmod:duck":2,"minecraft:cave_spider":1,"earthmobsmod:hyper_rabbit":1,"born_in_chaos_v1:zombie_lumberjack":1,"born_in_chaos_v1:skeleton_demoman":1,"alexsmobs:raccoon":1,"minecraft:spider":2,"enemyexpansion:direwolf":2,"born_in_chaos_v1:zombie_bruiser":1,"born_in_chaos_v1:maggot":7,"minecraft:skeleton":2,"alexsmobs:leafcutter_ant":3,"earthmobsmod:teacup_pig":1,"naturalist:bass":2,"earthmobsmod:fancy_chicken":1,"born_in_chaos_v1:firelight_not_despawn":2,"earthmobsmod:albino_cow":4,"minecraft:pig":1,"duckling:duck":16,"born_in_chaos_v1:swarmer":1,"naturalist:snake":1,"undead_revamp2:the_moonflower":1,"enemyexpansion:sprinter":1,"earthmobsmod:cream_cow":1,"born_in_chaos_v1:decrepit_skeleton":1,"minecraft:sheep":1,"minecraft:zombie":3,"enemyexpansion:vampire":1,"alexsmobs:terrapin":2,"born_in_chaos_v1:corpse_fly":6,"minecraft:cow":1},"minecraft:broken":{"minecraft:iron_shovel":1,"minecraft:stone_pickaxe":1,"minecraft:iron_axe":1,"minecraft:iron_pickaxe":1,"minecraft:golden_pickaxe":1},"minecraft:custom":{"minecraft:interact_with_smithing_table":2,"minecraft:mob_kills":74,"minecraft:open_barrel":7,"minecraft:interact_with_crafting_table":42,"minecraft:damage_dealt_resisted":39,"minecraft:leave_game":5,"minecraft:time_since_death":33354,"minecraft:climb_one_cm":4866,"minecraft:sprint_one_cm":492917,"minecraft:walk_one_cm":494571,"minecraft:drop":158,"minecraft:play_time":173613,"minecraft:deaths":6,"minecraft:sneak_time":3246,"minecraft:walk_under_water_one_cm":11383,"minecraft:jump":1826,"minecraft:interact_with_blast_furnace":1,"minecraft:walk_on_water_one_cm":32548,"minecraft:total_world_time":173613,"minecraft:interact_with_furnace":77,"minecraft:sleep_in_bed":1,"minecraft:time_since_rest":32919,"minecraft:damage_taken":4661,"minecraft:trigger_trapped_chest":6,"minecraft:damage_dealt":9613,"tombstone:cast_on_ally":1,"minecraft:swim_one_cm":83142,"minecraft:fly_one_cm":281112,"minecraft:open_chest":41,"minecraft:crouch_one_cm":4240,"tombstone:undead_killed":13,"minecraft:fall_one_cm":50257}},"DataVersion":3465}