{"stats":{"minecraft:dropped":{"minecraft:bread":5,"minecraft:iron_sword":1,"minecraft:wheat_seeds":12,"minecraft:cherry_log":1,"luminousworld:ishstone":18,"minecraft:mossy_cobblestone":2,"minecraft:cobblestone":3,"minecraft:grass_block":2,"minecraft:coal":1,"minecraft:stick":11,"minecraft:dirt":14,"minecraft:mutton":2,"tombstone:grave_dust":2,"minecraft:bone_meal":2,"iceandfire:ash":1,"minecraft:string":1,"alexsmobs:raccoon_tail":1,"minecraft:dandelion":13,"duckling:raw_duck":1,"minecraft:stone_sword":1,"minecraft:wheat":1,"minecraft:carrot":4,"minecraft:rabbit_hide":1,"minecraft:stone":2,"minecraft:allium":6,"minecraft:oak_sapling":1,"minecraft:arrow":2,"minecraft:wooden_pickaxe":1},"minecraft:mined":{"luminousworld:groundpebbles_1":1,"iceandfire:silver_ore":4,"minecraft:mossy_cobblestone":1,"placeablesmod:cooked_beef_block":1,"alexsmobs:leafcutter_anthill":1,"minecraft:stripped_birch_log":1,"minecraft:granite":98,"biomesoplenty:bush":16,"minecraft:allium":5,"minecraft:grass_block":255,"alexsmobs:leafcutter_ant_chamber":9,"luminousworld:grassvariant_2":5,"minecraft:tall_seagrass":1,"luminousworld:sunset_petunias":1,"minecraft:furnace":5,"minecraft:carrots":1,"minecraft:iron_ore":38,"minecraft:fire":2,"minecraft:andesite":13,"minecraft:pumpkin":1,"biomesoplenty:magic_log":39,"ecologics:walnut_log":3,"minecraft:stone":174,"quark:oak_chest":1,"minecraft:crafting_table":3,"minecraft:torch":17,"iceandfire:pixie_house_mushroom_brown":1,"ecologics:walnut_leaves":2,"quark:blossom_log":8,"minecraft:copper_ore":11,"minecraft:tall_grass":6,"minecraft:cobblestone":2,"biomesoplenty:sprout":1,"minecraft:sugar_cane":4,"minecraft:diorite":18,"minecraft:wall_torch":11,"biomesoplenty:magic_planks":6,"biomesoplenty:magic_leaves":1,"biomesoplenty:mahogany_log":8,"minecraft:birch_log":81,"minecraft:wheat":37,"minecraft:birch_leaves":54,"iceandfire:ash":1,"minecraft:grass":23,"biomesoplenty:clover":1,"minecraft:oak_log":7,"minecraft:coal_ore":40,"luminousworld:ishstone":9,"minecraft:gravel":2,"minecraft:dirt":111,"luminousworld:grassvariant_3":5,"minecraft:cobweb":6,"minecraft:gold_ore":8,"minecraft:oak_leaves":48},"minecraft:used":{"minecraft:stone_sword":63,"minecraft:iron_shovel":262,"duckling:cooked_duck":6,"minecraft:stone":5,"minecraft:iron_sword":207,"minecraft:cooked_chicken":2,"minecraft:rotten_flesh":3,"minecraft:torch":35,"minecraft:dirt":22,"minecraft:carrot":22,"minecraft:granite":61,"alexsmobs:maggot":2,"minecraft:iron_axe":228,"minecraft:birch_sapling":17,"minecraft:iron_helmet":1,"minecraft:iron_boots":1,"minecraft:furnace":7,"duckling:duck_egg":6,"tombstone:gift":4,"minecraft:cooked_beef":10,"naturalist:bass":1,"minecraft:wheat_seeds":88,"minecraft:diorite":2,"minecraft:stripped_birch_log":1,"minecraft:stone_pickaxe":132,"minecraft:wooden_pickaxe":5,"luminousworld:groundpebbles_1":1,"minecraft:crafting_table":5,"biomesoplenty:magic_planks":52,"earthmobsmod:duck_egg":1,"duckling:raw_duck":1,"minecraft:bread":18,"minecraft:iron_pickaxe":314,"tombstone:magic_scroll":2,"minecraft:stone_axe":1,"iceandfire:silver_hoe":37,"minecraft:cobblestone":32,"minecraft:cooked_porkchop":3,"minecraft:bucket":1,"minecraft:birch_log":81,"quark:oak_chest":2,"alexsmobs:animal_dictionary":3,"iceandfire:silver_shovel":104,"minecraft:bone_meal":8},"minecraft:picked_up":{"luminousworld:groundpebbles_1":2,"minecraft:crafting_table":3,"minecraft:wheat":56,"minecraft:allium":6,"minecraft:chicken":3,"minecraft:string":7,"minecraft:raw_copper":23,"earthmobsmod:duck_egg":1,"minecraft:beef":10,"minecraft:iron_pickaxe":1,"alexsmobs:raccoon_tail":2,"minecraft:sugar_cane":7,"minecraft:birch_sapling":17,"duckling:raw_duck":12,"minecraft:furnace":5,"minecraft:stick":4,"minecraft:raw_iron":37,"minecraft:stone":7,"ecologics:walnut_log":3,"minecraft:copper_ingot":2,"minecraft:torch":28,"iceandfire:pixie_house_mushroom_brown":1,"quark:blossom_log":8,"minecraft:porkchop":4,"minecraft:cherry_log":1,"tombstone:grave_dust":2,"minecraft:diorite":11,"minecraft:carrot":16,"minecraft:stone_sword":1,"minecraft:arrow":3,"minecraft:rotten_flesh":19,"supplementaries:ash":2,"minecraft:mutton":2,"minecraft:white_wool":1,"minecraft:cobblestone":133,"minecraft:birch_log":81,"born_in_chaos_v1:corpse_maggot":5,"minecraft:feather":19,"minecraft:cooked_beef":1,"minecraft:andesite":19,"luminousworld:ishstone":18,"minecraft:leather":4,"minecraft:oak_log":7,"minecraft:gunpowder":1,"minecraft:stripped_birch_log":1,"minecraft:dirt":361,"tombstone:gift":1,"naturalist:bass":1,"minecraft:bone":5,"minecraft:wheat_seeds":136,"minecraft:raw_gold":8,"minecraft:rabbit_hide":1,"minecraft:iron_ingot":1,"biomesoplenty:magic_log":39,"minecraft:rabbit":1,"duckling:duck_egg":6,"minecraft:pumpkin":1,"iceandfire:ash":1,"minecraft:dandelion":13,"minecraft:grass_block":2,"minecraft:dark_oak_log":2,"quark:oak_chest":1,"minecraft:mossy_cobblestone":2,"biomesoplenty:mahogany_log":8,"minecraft:slime_ball":1,"biomesoplenty:magic_planks":6,"minecraft:granite":84,"minecraft:bone_meal":2,"minecraft:bread":5,"alexsmobs:maggot":2,"tombstone:magic_scroll":1,"minecraft:oak_sapling":1,"minecraft:coal":69,"iceandfire:raw_silver":4},"minecraft:crafted":{"minecraft:oak_planks":8,"ecologics:walnut_planks":12,"minecraft:cooked_chicken":3,"iceandfire:silver_shovel":1,"minecraft:furnace":1,"minecraft:bone_meal":9,"minecraft:iron_boots":1,"minecraft:iron_axe":1,"minecraft:stone_pickaxe":1,"biomesoplenty:magic_planks":124,"minecraft:dark_oak_planks":8,"minecraft:cooked_rabbit":1,"minecraft:cooked_beef":10,"quark:blossom_planks":32,"iceandfire:silver_ingot":4,"minecraft:cooked_porkchop":3,"minecraft:crafting_table":2,"minecraft:wooden_pickaxe":1,"minecraft:iron_helmet":1,"minecraft:iron_sword":3,"duckling:cooked_duck":10,"minecraft:copper_ingot":23,"minecraft:bucket":1,"minecraft:stone_axe":1,"minecraft:bread":18,"minecraft:air":0,"minecraft:iron_chestplate":1,"minecraft:stick":36,"quark:oak_chest":1,"minecraft:iron_ingot":37,"minecraft:iron_pickaxe":2,"minecraft:iron_shovel":1,"minecraft:torch":16,"iceandfire:silver_hoe":1},"minecraft:killed":{"earthmobsmod:duck":2,"earthmobsmod:hyper_rabbit":1,"born_in_chaos_v1:zombie_lumberjack":1,"born_in_chaos_v1:skeleton_demoman":1,"alexsmobs:raccoon":1,"minecraft:spider":1,"enemyexpansion:direwolf":2,"born_in_chaos_v1:zombie_bruiser":1,"born_in_chaos_v1:maggot":7,"minecraft:skeleton":1,"alexsmobs:leafcutter_ant":3,"earthmobsmod:teacup_pig":1,"naturalist:bass":2,"earthmobsmod:fancy_chicken":1,"born_in_chaos_v1:firelight_not_despawn":2,"earthmobsmod:albino_cow":4,"minecraft:pig":1,"duckling:duck":14,"born_in_chaos_v1:swarmer":1,"naturalist:snake":1,"undead_revamp2:the_moonflower":1,"earthmobsmod:cream_cow":1,"minecraft:sheep":1,"minecraft:zombie":2,"born_in_chaos_v1:corpse_fly":5,"minecraft:cow":1},"minecraft:broken":{"minecraft:iron_shovel":1,"minecraft:stone_pickaxe":1,"minecraft:iron_axe":1,"minecraft:iron_pickaxe":1},"minecraft:custom":{"minecraft:mob_kills":61,"minecraft:interact_with_crafting_table":39,"minecraft:damage_dealt_resisted":39,"minecraft:leave_game":5,"minecraft:time_since_death":3707,"minecraft:climb_one_cm":4866,"minecraft:sprint_one_cm":395925,"minecraft:walk_one_cm":395154,"minecraft:drop":79,"minecraft:play_time":137613,"minecraft:deaths":5,"minecraft:sneak_time":2592,"minecraft:walk_under_water_one_cm":9371,"minecraft:jump":1532,"minecraft:walk_on_water_one_cm":27229,"minecraft:total_world_time":137613,"minecraft:interact_with_furnace":70,"minecraft:sleep_in_bed":1,"minecraft:time_since_rest":3146,"minecraft:damage_taken":3789,"minecraft:damage_dealt":7511,"tombstone:cast_on_ally":1,"minecraft:swim_one_cm":77931,"minecraft:fly_one_cm":247789,"minecraft:open_chest":23,"minecraft:crouch_one_cm":3310,"tombstone:undead_killed":8,"minecraft:fall_one_cm":42750}},"DataVersion":3465}