{"stats":{"minecraft:picked_up":{"luminousworld:groundpebbles_1":1,"minecraft:crafting_table":3,"minecraft:wheat":54,"minecraft:allium":2,"minecraft:chicken":3,"minecraft:string":4,"minecraft:raw_copper":23,"earthmobsmod:duck_egg":1,"minecraft:beef":10,"alexsmobs:raccoon_tail":2,"minecraft:sugar_cane":7,"duckling:raw_duck":2,"minecraft:furnace":5,"minecraft:raw_iron":37,"ecologics:walnut_log":3,"minecraft:torch":8,"iceandfire:pixie_house_mushroom_brown":1,"minecraft:porkchop":4,"quark:blossom_log":8,"minecraft:cherry_log":1,"tombstone:grave_dust":2,"minecraft:diorite":10,"minecraft:carrot":16,"minecraft:stone_sword":1,"minecraft:arrow":3,"minecraft:rotten_flesh":3,"minecraft:mutton":2,"minecraft:white_wool":1,"minecraft:cobblestone":133,"minecraft:birch_log":17,"born_in_chaos_v1:corpse_maggot":2,"minecraft:feather":4,"minecraft:andesite":19,"luminousworld:ishstone":18,"minecraft:leather":4,"minecraft:oak_log":7,"minecraft:dirt":228,"tombstone:gift":1,"minecraft:bone":3,"minecraft:wheat_seeds":133,"minecraft:raw_gold":8,"minecraft:rabbit_hide":1,"minecraft:rabbit":1,"duckling:duck_egg":2,"minecraft:pumpkin":1,"minecraft:dandelion":13,"quark:oak_chest":1,"minecraft:mossy_cobblestone":2,"minecraft:granite":82,"minecraft:bread":5,"alexsmobs:maggot":2,"minecraft:oak_sapling":1,"tombstone:magic_scroll":1,"minecraft:coal":69,"iceandfire:raw_silver":4},"minecraft:killed":{"earthmobsmod:duck":2,"earthmobsmod:hyper_rabbit":1,"alexsmobs:raccoon":1,"enemyexpansion:direwolf":1,"minecraft:skeleton":1,"alexsmobs:leafcutter_ant":3,"earthmobsmod:teacup_pig":1,"earthmobsmod:fancy_chicken":1,"born_in_chaos_v1:firelight_not_despawn":2,"earthmobsmod:albino_cow":4,"minecraft:pig":1,"duckling:duck":3,"naturalist:snake":1,"earthmobsmod:cream_cow":1,"minecraft:sheep":1,"minecraft:zombie":1,"born_in_chaos_v1:corpse_fly":2,"minecraft:cow":1},"minecraft:broken":{"minecraft:stone_pickaxe":1,"minecraft:iron_pickaxe":1},"minecraft:custom":{"minecraft:mob_kills":28,"minecraft:interact_with_crafting_table":27,"minecraft:leave_game":4,"minecraft:time_since_death":25385,"minecraft:climb_one_cm":4702,"minecraft:sprint_one_cm":278962,"minecraft:walk_one_cm":255774,"minecraft:drop":62,"minecraft:play_time":98279,"minecraft:deaths":4,"minecraft:sneak_time":2379,"minecraft:walk_under_water_one_cm":5781,"minecraft:jump":1197,"minecraft:walk_on_water_one_cm":17055,"minecraft:total_world_time":98279,"minecraft:interact_with_furnace":52,"minecraft:time_since_rest":23848,"minecraft:damage_taken":2647,"minecraft:damage_dealt":3049,"tombstone:cast_on_ally":1,"minecraft:swim_one_cm":37905,"minecraft:fly_one_cm":203614,"minecraft:open_chest":2,"minecraft:crouch_one_cm":3012,"tombstone:undead_killed":2,"minecraft:fall_one_cm":36381},"minecraft:used":{"minecraft:stone_sword":63,"minecraft:iron_shovel":253,"minecraft:iron_sword":67,"minecraft:cooked_chicken":2,"minecraft:rotten_flesh":3,"minecraft:torch":9,"minecraft:dirt":22,"minecraft:carrot":22,"minecraft:granite":59,"alexsmobs:maggot":2,"minecraft:iron_axe":45,"minecraft:iron_helmet":1,"minecraft:iron_boots":1,"minecraft:furnace":7,"duckling:duck_egg":2,"tombstone:gift":4,"minecraft:cooked_beef":4,"minecraft:wheat_seeds":56,"minecraft:stone_pickaxe":132,"minecraft:wooden_pickaxe":5,"luminousworld:groundpebbles_1":1,"minecraft:crafting_table":5,"earthmobsmod:duck_egg":1,"duckling:raw_duck":1,"minecraft:bread":18,"minecraft:iron_pickaxe":300,"tombstone:magic_scroll":2,"minecraft:cobblestone":32,"minecraft:cooked_porkchop":3,"quark:oak_chest":2,"alexsmobs:animal_dictionary":3},"minecraft:crafted":{"minecraft:oak_planks":8,"minecraft:cooked_chicken":3,"ecologics:walnut_planks":12,"minecraft:furnace":1,"minecraft:iron_boots":1,"minecraft:iron_axe":1,"minecraft:stone_pickaxe":1,"minecraft:cooked_rabbit":1,"minecraft:cooked_beef":10,"quark:blossom_planks":32,"iceandfire:silver_ingot":4,"minecraft:cooked_porkchop":3,"minecraft:crafting_table":2,"minecraft:wooden_pickaxe":1,"minecraft:iron_helmet":1,"minecraft:iron_sword":2,"minecraft:bread":18,"minecraft:air":0,"minecraft:iron_chestplate":1,"minecraft:stick":24,"quark:oak_chest":1,"minecraft:iron_ingot":31,"minecraft:iron_pickaxe":2,"minecraft:iron_shovel":1,"minecraft:torch":16},"minecraft:dropped":{"minecraft:bread":5,"minecraft:iron_sword":1,"minecraft:wheat_seeds":11,"minecraft:cherry_log":1,"luminousworld:ishstone":18,"minecraft:mossy_cobblestone":2,"minecraft:cobblestone":3,"minecraft:coal":1,"minecraft:stick":6,"minecraft:dirt":14,"minecraft:mutton":2,"tombstone:grave_dust":2,"minecraft:string":1,"alexsmobs:raccoon_tail":1,"minecraft:dandelion":13,"duckling:raw_duck":1,"minecraft:stone_sword":1,"minecraft:carrot":4,"minecraft:rabbit_hide":1,"minecraft:allium":2,"minecraft:oak_sapling":1,"minecraft:arrow":2,"minecraft:wooden_pickaxe":1},"minecraft:mined":{"luminousworld:groundpebbles_1":1,"iceandfire:silver_ore":4,"minecraft:mossy_cobblestone":1,"alexsmobs:leafcutter_anthill":1,"minecraft:granite":96,"biomesoplenty:bush":10,"minecraft:allium":2,"minecraft:grass_block":156,"alexsmobs:leafcutter_ant_chamber":9,"luminousworld:grassvariant_2":5,"luminousworld:sunset_petunias":1,"minecraft:tall_seagrass":1,"minecraft:furnace":5,"minecraft:carrots":1,"minecraft:iron_ore":38,"minecraft:fire":2,"minecraft:andesite":13,"minecraft:pumpkin":1,"ecologics:walnut_log":3,"minecraft:stone":167,"quark:oak_chest":1,"minecraft:crafting_table":3,"minecraft:torch":5,"iceandfire:pixie_house_mushroom_brown":1,"ecologics:walnut_leaves":2,"quark:blossom_log":8,"minecraft:tall_grass":6,"minecraft:copper_ore":11,"minecraft:cobblestone":2,"minecraft:sugar_cane":4,"minecraft:diorite":17,"minecraft:wall_torch":3,"minecraft:birch_log":17,"minecraft:wheat":36,"minecraft:grass":21,"biomesoplenty:clover":1,"minecraft:oak_log":7,"minecraft:coal_ore":40,"luminousworld:ishstone":9,"minecraft:gravel":2,"minecraft:dirt":89,"luminousworld:grassvariant_3":5,"minecraft:cobweb":5,"minecraft:gold_ore":8,"minecraft:oak_leaves":48}},"DataVersion":3465}