{"stats":{"minecraft:picked_up":{"minecraft:pink_petals":8,"minecraft:crafting_table":2,"minecraft:wheat":29,"minecraft:cherry_planks":1,"minecraft:leather":1,"minecraft:andesite":5,"minecraft:string":4,"minecraft:dirt":2,"minecraft:iron_shovel":1,"minecraft:wheat_seeds":271,"minecraft:beef":3,"minecraft:stone_pickaxe":1,"duckling:duck_egg":1,"biomesoplenty:magic_sapling":1,"minecraft:stick":4,"iceandfire:pixie_house_mushroom_brown":1,"minecraft:porkchop":3,"minecraft:cherry_log":61,"minecraft:arrow":1,"minecraft:rotten_flesh":2,"born_in_chaos_v1:fire_dust":3,"iceandfire:pixie_house_spruce":1,"minecraft:hay_block":6,"minecraft:cherry_sapling":5,"minecraft:bread":13,"minecraft:coal":33,"minecraft:cobblestone":141},"minecraft:killed":{"minecraft:pig":1,"born_in_chaos_v1:firelight_not_despawn":3,"earthmobsmod:albino_cow":1},"minecraft:broken":{"minecraft:stone_sword":1},"minecraft:custom":{"minecraft:interact_with_furnace":1,"minecraft:mob_kills":5,"minecraft:interact_with_crafting_table":11,"minecraft:leave_game":3,"minecraft:time_since_death":46087,"minecraft:sleep_in_bed":1,"minecraft:climb_one_cm":21855,"minecraft:time_since_rest":43307,"minecraft:sprint_one_cm":167532,"minecraft:damage_taken":2343,"minecraft:walk_one_cm":265925,"minecraft:drop":177,"minecraft:damage_dealt":1100,"minecraft:swim_one_cm":24273,"minecraft:fly_one_cm":186154,"minecraft:open_chest":3,"minecraft:crouch_one_cm":2225,"minecraft:play_time":72300,"minecraft:deaths":4,"minecraft:sneak_time":1392,"minecraft:walk_under_water_one_cm":7051,"minecraft:jump":4082,"minecraft:walk_on_water_one_cm":12493,"minecraft:total_world_time":72300,"minecraft:fall_one_cm":29681},"minecraft:crafted":{"minecraft:cherry_planks":32,"minecraft:wooden_sword":1,"minecraft:crafting_table":1,"minecraft:stone_axe":1,"minecraft:bread":27,"minecraft:stick":12,"minecraft:stone_pickaxe":1,"minecraft:wooden_axe":1,"minecraft:stone_sword":1,"minecraft:torch":4,"minecraft:wheat":54},"minecraft:used":{"minecraft:wheat_seeds":6,"minecraft:stone_sword":60,"minecraft:stone_pickaxe":100,"minecraft:cherry_planks":5,"minecraft:dirt":2,"minecraft:crafting_table":2,"minecraft:wooden_axe":11,"minecraft:bread":30,"minecraft:stone_axe":54,"minecraft:wooden_sword":1,"minecraft:cobblestone":10,"minecraft:beef":2,"duckling:duck_egg":1,"minecraft:porkchop":2,"tombstone:gift":2,"alexsmobs:animal_dictionary":2},"minecraft:dropped":{"minecraft:porkchop":1,"minecraft:wheat_seeds":132,"minecraft:cobblestone":36,"minecraft:rotten_flesh":2,"minecraft:andesite":5,"minecraft:beef":1},"minecraft:mined":{"minecraft:cherry_planks":1,"minecraft:cherry_log":61,"minecraft:crafting_table":2,"iceandfire:pixie_house_mushroom_brown":1,"minecraft:tall_grass":1,"minecraft:pink_petals":4,"minecraft:hay_block":6,"minecraft:wheat":18,"minecraft:andesite":2,"minecraft:grass":6,"minecraft:coal_ore":33,"minecraft:cherry_leaves":1,"iceandfire:pixie_house_spruce":1,"minecraft:dirt":1,"minecraft:cobweb":5,"biomesoplenty:barley":1,"minecraft:stone":63,"biomesoplenty:reed":2}},"DataVersion":3465}