{"stats":{"minecraft:picked_up":{"born_in_chaos_v1:corpse_maggot":5,"minecraft:pink_petals":16,"minecraft:wheat":62,"minecraft:crafting_table":2,"minecraft:cherry_planks":3,"minecraft:leather":1,"minecraft:andesite":5,"minecraft:oak_log":3,"minecraft:dirt":14,"minecraft:string":9,"minecraft:iron_shovel":1,"minecraft:apple":1,"minecraft:wheat_seeds":402,"minecraft:iron_ingot":1,"minecraft:beef":3,"minecraft:stone_pickaxe":1,"minecraft:iron_sword":2,"duckling:duck_egg":2,"biomesoplenty:magic_sapling":1,"minecraft:stick":16,"minecraft:torch":1,"iceandfire:pixie_house_mushroom_brown":1,"minecraft:porkchop":3,"minecraft:cherry_log":100,"born_in_chaos_v1:pieceofdarkmetal":2,"minecraft:arrow":1,"minecraft:rotten_flesh":12,"born_in_chaos_v1:fire_dust":3,"iceandfire:pixie_house_spruce":1,"minecraft:hay_block":6,"minecraft:cherry_sapling":33,"minecraft:bread":13,"minecraft:oak_sapling":2,"minecraft:coal":35,"minecraft:cobblestone":210},"minecraft:killed":{"born_in_chaos_v1:fallen_chaos_knight":1,"minecraft:pig":1,"born_in_chaos_v1:baby_skeleton":1,"born_in_chaos_v1:zombie_bruiser":1,"born_in_chaos_v1:maggot":4,"born_in_chaos_v1:corpse_fly":1,"born_in_chaos_v1:firelight_not_despawn":3,"earthmobsmod:albino_cow":1},"minecraft:broken":{"minecraft:stone_pickaxe":1,"minecraft:stone_sword":1},"minecraft:custom":{"minecraft:interact_with_furnace":6,"minecraft:mob_kills":13,"minecraft:interact_with_crafting_table":22,"minecraft:leave_game":5,"minecraft:time_since_death":50681,"minecraft:sleep_in_bed":1,"minecraft:climb_one_cm":21855,"minecraft:time_since_rest":50003,"minecraft:sprint_one_cm":230304,"minecraft:damage_taken":3623,"minecraft:walk_one_cm":420460,"minecraft:drop":183,"minecraft:damage_dealt":2553,"minecraft:swim_one_cm":39440,"minecraft:fly_one_cm":253400,"minecraft:open_chest":18,"minecraft:crouch_one_cm":6038,"minecraft:play_time":124038,"tombstone:undead_killed":3,"minecraft:deaths":5,"minecraft:sneak_time":5389,"minecraft:walk_under_water_one_cm":7781,"minecraft:jump":4795,"minecraft:walk_on_water_one_cm":14318,"minecraft:total_world_time":124038,"minecraft:fall_one_cm":48584},"minecraft:crafted":{"minecraft:cherry_planks":162,"minecraft:wooden_sword":1,"minecraft:crafting_table":1,"minecraft:cherry_slab":195,"minecraft:cooked_chicken":2,"minecraft:stone_axe":2,"quark:cherry_chest":3,"minecraft:bread":36,"minecraft:stick":12,"minecraft:stone_pickaxe":2,"minecraft:wooden_axe":1,"minecraft:stone_sword":1,"minecraft:torch":4,"minecraft:stone_hoe":1,"minecraft:wheat":54},"minecraft:used":{"minecraft:wheat_seeds":6,"minecraft:cherry_sapling":12,"minecraft:iron_shovel":125,"minecraft:stone_sword":60,"minecraft:stone_pickaxe":184,"iceandfire:pixie_house_mushroom_brown":1,"minecraft:cherry_planks":5,"minecraft:iron_sword":62,"minecraft:stone_hoe":11,"minecraft:cooked_chicken":2,"quark:cherry_chest":3,"minecraft:dirt":2,"minecraft:crafting_table":2,"minecraft:oak_log":1,"born_in_chaos_v1:corpse_maggot":5,"minecraft:wooden_axe":11,"minecraft:bread":43,"minecraft:stone_axe":163,"minecraft:wooden_sword":1,"minecraft:cobblestone":71,"minecraft:beef":2,"duckling:duck_egg":2,"minecraft:porkchop":2,"tombstone:gift":2,"alexsmobs:animal_dictionary":2},"minecraft:dropped":{"minecraft:bread":2,"minecraft:iron_sword":1,"minecraft:porkchop":1,"minecraft:wheat_seeds":133,"minecraft:cobblestone":36,"minecraft:rotten_flesh":2,"minecraft:andesite":5,"minecraft:beef":1,"minecraft:pink_petals":8,"minecraft:iron_ingot":1},"minecraft:killed_by":{"minecraft:player":1},"minecraft:mined":{"minecraft:cherry_planks":3,"minecraft:cherry_log":100,"minecraft:cherry_sapling":3,"minecraft:crafting_table":2,"minecraft:torch":1,"biomesoplenty:bush":68,"iceandfire:pixie_house_mushroom_brown":1,"minecraft:cobblestone":72,"minecraft:tall_grass":1,"minecraft:pink_petals":4,"minecraft:hay_block":6,"minecraft:fire":1,"minecraft:wheat":63,"minecraft:andesite":2,"minecraft:grass":24,"minecraft:oak_log":3,"minecraft:coal_ore":35,"minecraft:cherry_leaves":5,"iceandfire:pixie_house_spruce":1,"minecraft:dirt":14,"minecraft:cobweb":8,"biomesoplenty:barley":1,"minecraft:stone":63,"minecraft:oak_leaves":52,"biomesoplenty:reed":2}},"DataVersion":3465}