{"stats":{"minecraft:picked_up":{"minecraft:pink_petals":16,"minecraft:wheat":62,"minecraft:crafting_table":2,"minecraft:cherry_planks":3,"minecraft:leather":1,"minecraft:andesite":5,"minecraft:dirt":2,"minecraft:string":4,"minecraft:iron_shovel":1,"minecraft:wheat_seeds":359,"minecraft:beef":3,"minecraft:stone_pickaxe":1,"duckling:duck_egg":2,"biomesoplenty:magic_sapling":1,"minecraft:stick":4,"iceandfire:pixie_house_mushroom_brown":1,"minecraft:porkchop":3,"minecraft:cherry_log":61,"minecraft:arrow":1,"minecraft:rotten_flesh":4,"born_in_chaos_v1:fire_dust":3,"iceandfire:pixie_house_spruce":1,"minecraft:hay_block":6,"minecraft:cherry_sapling":5,"minecraft:bread":13,"minecraft:coal":33,"minecraft:cobblestone":141},"minecraft:killed":{"minecraft:pig":1,"born_in_chaos_v1:baby_skeleton":1,"born_in_chaos_v1:firelight_not_despawn":3,"earthmobsmod:albino_cow":1},"minecraft:broken":{"minecraft:stone_sword":1},"minecraft:custom":{"minecraft:interact_with_furnace":1,"minecraft:mob_kills":6,"minecraft:interact_with_crafting_table":12,"minecraft:leave_game":5,"minecraft:time_since_death":8181,"minecraft:sleep_in_bed":1,"minecraft:climb_one_cm":21855,"minecraft:time_since_rest":7503,"minecraft:sprint_one_cm":184694,"minecraft:damage_taken":2703,"minecraft:walk_one_cm":294723,"minecraft:drop":178,"minecraft:damage_dealt":1221,"minecraft:swim_one_cm":39440,"minecraft:fly_one_cm":216501,"minecraft:open_chest":5,"minecraft:crouch_one_cm":2423,"minecraft:play_time":81538,"tombstone:undead_killed":1,"minecraft:deaths":5,"minecraft:sneak_time":1564,"minecraft:walk_under_water_one_cm":7781,"minecraft:jump":4259,"minecraft:walk_on_water_one_cm":14318,"minecraft:total_world_time":81538,"minecraft:fall_one_cm":33977},"minecraft:crafted":{"minecraft:cherry_planks":32,"minecraft:wooden_sword":1,"minecraft:crafting_table":1,"minecraft:stone_axe":1,"quark:cherry_chest":1,"minecraft:bread":27,"minecraft:stick":12,"minecraft:stone_pickaxe":1,"minecraft:wooden_axe":1,"minecraft:stone_sword":1,"minecraft:torch":4,"minecraft:wheat":54},"minecraft:used":{"minecraft:wheat_seeds":6,"minecraft:stone_sword":60,"minecraft:stone_pickaxe":106,"minecraft:cherry_planks":5,"quark:cherry_chest":1,"minecraft:dirt":2,"minecraft:crafting_table":2,"minecraft:wooden_axe":11,"minecraft:bread":30,"minecraft:stone_axe":57,"minecraft:wooden_sword":1,"minecraft:cobblestone":13,"minecraft:beef":2,"duckling:duck_egg":2,"minecraft:porkchop":2,"tombstone:gift":2,"alexsmobs:animal_dictionary":2},"minecraft:dropped":{"minecraft:porkchop":1,"minecraft:wheat_seeds":132,"minecraft:cobblestone":36,"minecraft:rotten_flesh":2,"minecraft:andesite":5,"minecraft:beef":1,"minecraft:pink_petals":8},"minecraft:killed_by":{"minecraft:player":1},"minecraft:mined":{"minecraft:cherry_planks":3,"minecraft:cherry_log":61,"minecraft:crafting_table":2,"iceandfire:pixie_house_mushroom_brown":1,"minecraft:tall_grass":1,"minecraft:pink_petals":4,"minecraft:hay_block":6,"minecraft:wheat":63,"minecraft:andesite":2,"minecraft:grass":6,"minecraft:coal_ore":33,"minecraft:cherry_leaves":1,"iceandfire:pixie_house_spruce":1,"minecraft:dirt":2,"minecraft:cobweb":5,"biomesoplenty:barley":1,"minecraft:stone":63,"biomesoplenty:reed":2}},"DataVersion":3465}