{"stats":{"minecraft:picked_up":{"minecraft:crafting_table":1,"minecraft:wheat":31,"minecraft:andesite":4,"luminousworld:ishstone":9,"minecraft:potato":7,"earthmobsmod:fancy_egg":1,"minecraft:flint":1,"minecraft:oak_log":49,"minecraft:cornflower":8,"minecraft:dirt":106,"minecraft:bone":1,"minecraft:wheat_seeds":168,"minecraft:oak_planks":4,"minecraft:iron_sword":1,"duckling:duck_egg":2,"minecraft:stick":4,"minecraft:torch":6,"minecraft:dandelion":13,"luminousworld:sunset_petunias":3,"minecraft:sand":6,"minecraft:porkchop":8,"minecraft:carrot":6,"minecraft:dark_oak_log":2,"minecraft:stone_sword":1,"minecraft:rotten_flesh":2,"minecraft:bread":8,"minecraft:cobblestone":33},"minecraft:killed":{"minecraft:pig":2,"duckling:duck":1,"minecraft:skeleton":1,"iceandfire:ghost":2},"minecraft:used":{"minecraft:stone_sword":30,"minecraft:stone_shovel":108,"minecraft:stone_pickaxe":28,"minecraft:oak_planks":66,"minecraft:dirt":14,"minecraft:crafting_table":1,"minecraft:carrot":10,"minecraft:bread":16,"minecraft:stone_axe":68,"minecraft:cobblestone":1,"minecraft:cooked_porkchop":1,"minecraft:porkchop":3,"tombstone:gift":2,"minecraft:potato":12},"minecraft:crafted":{"minecraft:oak_planks":68,"minecraft:stone_shovel":1,"minecraft:cooked_porkchop":1,"minecraft:crafting_table":1,"minecraft:stone_axe":1,"minecraft:bread":10,"minecraft:stick":8,"minecraft:stone_pickaxe":1,"minecraft:stone_sword":1,"minecraft:dark_oak_planks":8},"minecraft:custom":{"minecraft:interact_with_furnace":3,"minecraft:mob_kills":6,"minecraft:interact_with_crafting_table":6,"minecraft:open_barrel":1,"minecraft:leave_game":2,"minecraft:time_since_death":839,"minecraft:climb_one_cm":8709,"minecraft:time_since_rest":1,"minecraft:sprint_one_cm":159954,"minecraft:damage_taken":2689,"minecraft:walk_one_cm":244769,"minecraft:drop":6,"minecraft:damage_dealt":2648,"minecraft:swim_one_cm":21508,"minecraft:fly_one_cm":212192,"minecraft:open_chest":2,"minecraft:crouch_one_cm":10,"minecraft:play_time":64372,"tombstone:undead_killed":3,"minecraft:deaths":6,"minecraft:sneak_time":102,"minecraft:walk_under_water_one_cm":6705,"minecraft:jump":1176,"minecraft:walk_on_water_one_cm":14082,"minecraft:total_world_time":64372,"minecraft:fall_one_cm":27068},"minecraft:dropped":{"minecraft:bread":2,"luminousworld:sunset_petunias":2,"minecraft:rotten_flesh":2,"minecraft:cornflower":8,"minecraft:dandelion":13},"minecraft:mined":{"minecraft:farmland":13,"minecraft:dark_oak_log":2,"minecraft:dandelion":5,"minecraft:crafting_table":1,"minecraft:cornflower":4,"minecraft:grass_block":90,"luminousworld:grassvariant_2":2,"minecraft:cobblestone":1,"minecraft:oak_planks":4,"minecraft:wall_torch":6,"luminousworld:sunset_petunias":2,"minecraft:iron_ore":1,"minecraft:wheat":42,"minecraft:andesite":1,"minecraft:grass":9,"minecraft:oak_log":51,"minecraft:dirt":2,"luminousworld:grassvariant_3":4,"minecraft:stone":24,"minecraft:oak_leaves":1}},"DataVersion":3465}