{"stats":{"minecraft:picked_up":{"minecraft:crafting_table":1,"minecraft:wheat":31,"luminousworld:ishstone":9,"minecraft:andesite":4,"minecraft:potato":7,"minecraft:flint":1,"minecraft:oak_log":49,"minecraft:cornflower":8,"minecraft:dirt":103,"minecraft:bone":1,"minecraft:wheat_seeds":168,"minecraft:iron_sword":1,"minecraft:oak_planks":4,"duckling:duck_egg":2,"minecraft:stick":4,"minecraft:torch":6,"minecraft:dandelion":13,"luminousworld:sunset_petunias":3,"minecraft:porkchop":8,"minecraft:sand":6,"minecraft:carrot":6,"minecraft:dark_oak_log":2,"minecraft:stone_sword":1,"minecraft:rotten_flesh":2,"minecraft:bread":8,"minecraft:cobblestone":32},"minecraft:dropped":{"minecraft:bread":2,"luminousworld:sunset_petunias":2,"minecraft:rotten_flesh":2,"minecraft:cornflower":8,"minecraft:dandelion":13},"minecraft:mined":{"minecraft:farmland":13,"minecraft:dark_oak_log":2,"minecraft:dandelion":5,"minecraft:crafting_table":1,"minecraft:cornflower":4,"minecraft:grass_block":89,"luminousworld:grassvariant_2":2,"minecraft:oak_planks":4,"minecraft:wall_torch":6,"luminousworld:sunset_petunias":2,"minecraft:wheat":42,"minecraft:andesite":1,"minecraft:grass":9,"minecraft:oak_log":51,"luminousworld:grassvariant_3":4,"minecraft:stone":24,"minecraft:oak_leaves":1},"minecraft:crafted":{"minecraft:oak_planks":68,"minecraft:stone_shovel":1,"minecraft:cooked_porkchop":1,"minecraft:crafting_table":1,"minecraft:stone_axe":1,"minecraft:bread":10,"minecraft:stick":8,"minecraft:stone_pickaxe":1,"minecraft:stone_sword":1,"minecraft:dark_oak_planks":8},"minecraft:used":{"minecraft:stone_sword":30,"minecraft:stone_pickaxe":26,"minecraft:stone_shovel":105,"minecraft:oak_planks":66,"minecraft:dirt":14,"minecraft:crafting_table":1,"minecraft:carrot":10,"minecraft:bread":16,"minecraft:stone_axe":61,"minecraft:porkchop":3,"minecraft:cooked_porkchop":1,"tombstone:gift":2,"minecraft:potato":12},"minecraft:custom":{"minecraft:interact_with_furnace":3,"minecraft:mob_kills":4,"minecraft:interact_with_crafting_table":6,"minecraft:leave_game":2,"minecraft:time_since_death":29130,"minecraft:climb_one_cm":8709,"minecraft:time_since_rest":28165,"minecraft:sprint_one_cm":136316,"minecraft:damage_taken":1849,"minecraft:walk_one_cm":230180,"minecraft:drop":6,"minecraft:damage_dealt":2006,"minecraft:swim_one_cm":11528,"minecraft:fly_one_cm":142644,"minecraft:open_chest":2,"minecraft:crouch_one_cm":10,"tombstone:undead_killed":1,"minecraft:play_time":54199,"minecraft:deaths":3,"minecraft:sneak_time":102,"minecraft:walk_under_water_one_cm":6209,"minecraft:jump":923,"minecraft:walk_on_water_one_cm":12306,"minecraft:total_world_time":54199,"minecraft:fall_one_cm":19299},"minecraft:killed":{"minecraft:pig":2,"duckling:duck":1,"iceandfire:ghost":1}},"DataVersion":3465}