{"stats":{"minecraft:picked_up":{"born_in_chaos_v1:corpse_maggot":3,"minecraft:leather_chestplate":1,"minecraft:crafting_table":3,"minecraft:wheat":32,"minecraft:andesite":8,"luminousworld:ishstone":18,"minecraft:potato":7,"earthmobsmod:fancy_egg":1,"minecraft:mushroom_stew":1,"minecraft:flint":2,"minecraft:oak_log":52,"tombstone:grave_key":2,"mca:book_romance":1,"minecraft:cornflower":8,"minecraft:dirt":229,"minecraft:raw_copper":8,"minecraft:iron_leggings":1,"minecraft:armor_stand":1,"minecraft:bone":4,"minecraft:wheat_seeds":296,"minecraft:oak_planks":112,"minecraft:iron_sword":1,"duckling:duck_egg":3,"minecraft:furnace":1,"minecraft:stick":9,"minecraft:torch":9,"minecraft:dandelion":13,"minecraft:gravel":2,"luminousworld:sunset_petunias":4,"minecraft:sand":39,"minecraft:porkchop":8,"tombstone:grave_dust":1,"minecraft:carrot":6,"quark:oak_chest":1,"minecraft:dark_oak_log":2,"alexsmobs:animal_dictionary":1,"minecraft:dark_oak_planks":6,"minecraft:stone_sword":2,"minecraft:rotten_flesh":7,"minecraft:hay_block":3,"minecraft:bread":8,"minecraft:coal":52,"iceandfire:raw_silver":8,"minecraft:cobblestone":427},"minecraft:killed":{"minecraft:pig":2,"duckling:duck":1,"born_in_chaos_v1:decrepit_skeleton":1,"born_in_chaos_v1:maggot":4,"minecraft:skeleton":1,"minecraft:zombie":1,"iceandfire:ghost":2},"minecraft:broken":{"minecraft:stone_pickaxe":2,"minecraft:stone_shovel":1},"minecraft:crafted":{"minecraft:oak_planks":200,"minecraft:stone_shovel":1,"minecraft:cooked_porkchop":6,"minecraft:crafting_table":1,"minecraft:furnace":2,"minecraft:stone_axe":1,"minecraft:bread":10,"minecraft:stick":8,"quark:oak_chest":2,"minecraft:stone_pickaxe":3,"minecraft:stone_sword":1,"minecraft:dark_oak_planks":8},"minecraft:used":{"minecraft:stone_sword":30,"minecraft:stone_pickaxe":374,"minecraft:stone_shovel":148,"minecraft:oak_planks":66,"minecraft:iron_sword":26,"earthmobsmod:fancy_egg":1,"minecraft:torch":8,"minecraft:dirt":15,"minecraft:crafting_table":4,"minecraft:carrot":10,"minecraft:bread":16,"minecraft:stone_axe":91,"minecraft:cobblestone":14,"minecraft:furnace":3,"minecraft:cooked_porkchop":6,"minecraft:porkchop":3,"tombstone:gift":8,"quark:oak_chest":3,"minecraft:potato":12},"minecraft:custom":{"minecraft:interact_with_furnace":15,"minecraft:mob_kills":13,"minecraft:interact_with_crafting_table":18,"minecraft:open_barrel":3,"minecraft:damage_dealt_resisted":20,"minecraft:leave_game":4,"minecraft:time_since_death":7730,"minecraft:climb_one_cm":10681,"minecraft:time_since_rest":7151,"minecraft:sprint_one_cm":320969,"minecraft:damage_taken":3875,"minecraft:walk_one_cm":382139,"tombstone:sneak_grave":1,"minecraft:drop":52,"minecraft:damage_dealt":3840,"minecraft:swim_one_cm":57805,"minecraft:fly_one_cm":452670,"minecraft:open_chest":26,"minecraft:crouch_one_cm":10,"minecraft:play_time":124075,"tombstone:undead_killed":5,"minecraft:deaths":9,"minecraft:sneak_time":174,"minecraft:walk_under_water_one_cm":20180,"minecraft:jump":2356,"minecraft:interact_with_blast_furnace":1,"minecraft:walk_on_water_one_cm":23621,"minecraft:total_world_time":124075,"minecraft:fall_one_cm":59229},"minecraft:dropped":{"minecraft:bread":2,"luminousworld:sunset_petunias":2,"minecraft:wheat_seeds":40,"minecraft:rotten_flesh":5,"minecraft:dirt":2,"minecraft:cornflower":8,"born_in_chaos_v1:corpse_maggot":3,"minecraft:dandelion":13,"minecraft:bone":1},"minecraft:mined":{"minecraft:farmland":13,"iceandfire:silver_ore":4,"quark:oak_chest":1,"minecraft:dark_oak_log":2,"minecraft:dandelion":5,"minecraft:crafting_table":3,"minecraft:cornflower":4,"biomesoplenty:bush":1,"minecraft:grass_block":93,"luminousworld:grassvariant_2":2,"minecraft:copper_ore":1,"minecraft:cobblestone":6,"minecraft:oak_planks":4,"minecraft:wall_torch":8,"minecraft:hay_block":3,"luminousworld:sunset_petunias":2,"minecraft:furnace":1,"minecraft:iron_ore":1,"minecraft:wheat":42,"minecraft:andesite":1,"minecraft:grass":10,"minecraft:coal_ore":30,"minecraft:oak_log":53,"minecraft:gravel":2,"minecraft:sand":27,"minecraft:dirt":24,"luminousworld:grassvariant_3":4,"minecraft:stone":322,"minecraft:cake":1,"minecraft:oak_leaves":26}},"DataVersion":3465}