{"stats":{"minecraft:mined":{"minecraft:farmland":13,"iceandfire:silver_ore":4,"quark:oak_chest":1,"minecraft:dark_oak_log":2,"minecraft:dandelion":5,"minecraft:crafting_table":3,"minecraft:cornflower":4,"biomesoplenty:bush":1,"minecraft:grass_block":93,"luminousworld:grassvariant_2":2,"minecraft:copper_ore":2,"minecraft:cobblestone":11,"minecraft:oak_planks":4,"minecraft:wall_torch":11,"minecraft:hay_block":3,"luminousworld:sunset_petunias":2,"minecraft:furnace":1,"minecraft:iron_ore":1,"minecraft:wheat":42,"minecraft:andesite":1,"minecraft:grass":10,"minecraft:oak_log":53,"minecraft:coal_ore":50,"minecraft:gravel":6,"minecraft:sand":27,"minecraft:dirt":114,"luminousworld:grassvariant_3":4,"minecraft:stone":373,"minecraft:cake":1,"minecraft:oak_leaves":29},"minecraft:dropped":{"minecraft:bread":2,"luminousworld:sunset_petunias":2,"minecraft:wheat_seeds":40,"minecraft:rotten_flesh":5,"minecraft:dirt":2,"minecraft:cornflower":8,"born_in_chaos_v1:corpse_maggot":3,"minecraft:dandelion":13,"minecraft:bone":1},"minecraft:used":{"minecraft:stone_sword":39,"minecraft:stone_pickaxe":453,"minecraft:stone_shovel":212,"minecraft:oak_planks":66,"minecraft:stone":37,"minecraft:iron_sword":26,"earthmobsmod:fancy_egg":1,"minecraft:torch":16,"minecraft:dirt":39,"minecraft:lime_bed":1,"minecraft:crafting_table":4,"minecraft:mushroom_stew":1,"minecraft:carrot":10,"minecraft:bread":23,"minecraft:stone_axe":98,"minecraft:cobblestone":17,"minecraft:furnace":3,"minecraft:porkchop":3,"minecraft:cooked_porkchop":6,"tombstone:gift":8,"quark:oak_chest":3,"minecraft:potato":12},"minecraft:picked_up":{"minecraft:lime_bed":1,"born_in_chaos_v1:corpse_maggot":3,"minecraft:crafting_table":3,"minecraft:wheat":32,"minecraft:leather_chestplate":1,"minecraft:leather":1,"minecraft:chicken":1,"minecraft:andesite":8,"luminousworld:ishstone":18,"minecraft:potato":7,"earthmobsmod:fancy_egg":1,"minecraft:mushroom_stew":1,"minecraft:flint":3,"minecraft:oak_log":52,"tombstone:grave_key":2,"mca:book_romance":1,"minecraft:cornflower":8,"minecraft:dirt":319,"minecraft:raw_copper":11,"minecraft:iron_leggings":1,"minecraft:armor_stand":1,"minecraft:bone":4,"minecraft:wheat_seeds":296,"minecraft:beef":2,"minecraft:iron_sword":1,"minecraft:oak_planks":112,"duckling:duck_egg":3,"minecraft:furnace":1,"minecraft:stick":9,"minecraft:torch":15,"minecraft:dandelion":13,"minecraft:gravel":5,"luminousworld:sunset_petunias":4,"minecraft:porkchop":8,"minecraft:sand":39,"tombstone:grave_dust":1,"minecraft:carrot":6,"quark:oak_chest":1,"minecraft:dark_oak_log":2,"alexsmobs:animal_dictionary":1,"minecraft:dark_oak_planks":6,"alexsmobs:raw_catfish":2,"minecraft:stone_sword":2,"minecraft:rotten_flesh":7,"minecraft:hay_block":3,"minecraft:bread":10,"minecraft:oak_sapling":1,"minecraft:coal":72,"iceandfire:raw_silver":8,"minecraft:cobblestone":483},"minecraft:crafted":{"minecraft:oak_planks":200,"minecraft:stone_shovel":2,"minecraft:cooked_porkchop":6,"minecraft:crafting_table":1,"minecraft:furnace":2,"minecraft:stone":64,"minecraft:stone_axe":1,"minecraft:air":0,"minecraft:bread":21,"minecraft:stick":16,"quark:oak_chest":2,"minecraft:stone_pickaxe":5,"minecraft:stone_sword":1,"minecraft:dark_oak_planks":8,"minecraft:wheat":27},"minecraft:killed":{"minecraft:pig":2,"duckling:duck":1,"alexsmobs:seagull":1,"born_in_chaos_v1:decrepit_skeleton":1,"born_in_chaos_v1:maggot":4,"minecraft:skeleton":1,"alexsmobs:catfish":1,"minecraft:zombie":1,"iceandfire:ghost":2,"minecraft:chicken":1,"minecraft:cow":1},"minecraft:broken":{"minecraft:stone_pickaxe":3,"minecraft:stone_axe":1,"minecraft:stone_shovel":1},"minecraft:custom":{"minecraft:interact_with_furnace":18,"minecraft:mob_kills":17,"minecraft:interact_with_crafting_table":22,"minecraft:open_barrel":3,"minecraft:damage_dealt_resisted":20,"minecraft:leave_game":4,"minecraft:time_since_death":28118,"minecraft:sleep_in_bed":1,"minecraft:climb_one_cm":10681,"minecraft:time_since_rest":15838,"minecraft:sprint_one_cm":441531,"minecraft:damage_taken":3905,"minecraft:walk_one_cm":452678,"tombstone:sneak_grave":1,"minecraft:drop":52,"minecraft:damage_dealt":4315,"minecraft:swim_one_cm":70580,"minecraft:fly_one_cm":527582,"minecraft:open_chest":38,"minecraft:crouch_one_cm":10,"minecraft:play_time":144463,"tombstone:undead_killed":5,"minecraft:deaths":9,"minecraft:sneak_time":174,"minecraft:walk_under_water_one_cm":20905,"minecraft:jump":2813,"minecraft:interact_with_blast_furnace":1,"minecraft:walk_on_water_one_cm":23803,"minecraft:total_world_time":144463,"minecraft:fall_one_cm":68884}},"DataVersion":3465}