{"stats":{"minecraft:mined":{"minecraft:farmland":13,"iceandfire:silver_ore":4,"minecraft:dark_oak_log":2,"biomesoplenty:bush":1,"minecraft:grass_block":104,"luminousworld:grassvariant_2":2,"minecraft:large_fern":1,"minecraft:hay_block":17,"luminousworld:sunset_petunias":2,"minecraft:furnace":1,"minecraft:iron_ore":1,"minecraft:andesite":1,"minecraft:oak_stairs":1,"minecraft:stone":374,"minecraft:cake":1,"minecraft:oak_slab":15,"quark:oak_chest":1,"minecraft:dandelion":5,"minecraft:crafting_table":5,"minecraft:cornflower":4,"minecraft:torch":1,"minecraft:andesite_wall":1,"minecraft:copper_ore":2,"minecraft:cobblestone":11,"minecraft:oak_planks":4,"minecraft:wall_torch":35,"minecraft:wheat":42,"minecraft:yellow_bed":1,"minecraft:grass":10,"biomesoplenty:clover":1,"minecraft:coal_ore":50,"minecraft:oak_log":81,"minecraft:beetroots":1,"minecraft:gravel":6,"minecraft:sand":29,"minecraft:dirt":136,"luminousworld:grassvariant_3":4,"minecraft:oak_leaves":34,"minecraft:fern":1},"minecraft:dropped":{"minecraft:bread":6,"luminousworld:sunset_petunias":2,"minecraft:wheat_seeds":40,"minecraft:dirt":2,"minecraft:cornflower":8,"minecraft:dandelion":13,"minecraft:bone":1,"minecraft:rotten_flesh":7,"luminousworld:groundpebbles_1":1,"minecraft:beetroot_seeds":1,"born_in_chaos_v1:corpse_maggot":3,"minecraft:oak_sapling":1},"minecraft:used":{"minecraft:stone_sword":43,"minecraft:stone_shovel":215,"minecraft:stone":37,"minecraft:iron_sword":74,"earthmobsmod:fancy_egg":2,"minecraft:torch":21,"minecraft:dirt":117,"minecraft:carrot":12,"minecraft:andesite_wall":1,"minecraft:oak_stairs":22,"minecraft:furnace":4,"duckling:duck_egg":3,"tombstone:gift":8,"minecraft:egg":1,"minecraft:potato":12,"minecraft:cooked_mutton":4,"alexsmobs:cooked_catfish":2,"minecraft:stone_pickaxe":456,"minecraft:oak_planks":66,"minecraft:oak_slab":168,"minecraft:crafting_table":6,"minecraft:lime_bed":1,"minecraft:mushroom_stew":1,"minecraft:bread":34,"minecraft:stone_axe":145,"minecraft:cobblestone":17,"minecraft:cooked_porkchop":8,"minecraft:porkchop":3,"quark:oak_chest":3},"minecraft:picked_up":{"luminousworld:groundpebbles_1":1,"minecraft:crafting_table":5,"minecraft:wheat":33,"minecraft:chicken":1,"minecraft:oak_stairs":1,"earthmobsmod:fancy_egg":2,"tombstone:grave_key":2,"minecraft:cornflower":8,"minecraft:raw_copper":11,"minecraft:iron_leggings":1,"minecraft:armor_stand":1,"minecraft:beef":2,"minecraft:egg":1,"minecraft:furnace":1,"minecraft:stick":9,"born_in_chaos_v1:shattered_skull":1,"minecraft:torch":41,"minecraft:porkchop":10,"tombstone:grave_dust":3,"minecraft:carrot":7,"minecraft:dark_oak_planks":6,"minecraft:andesite_wall":1,"minecraft:stone_sword":2,"minecraft:rotten_flesh":11,"minecraft:beetroot_seeds":1,"minecraft:hay_block":17,"minecraft:mutton":4,"minecraft:cobblestone":484,"minecraft:white_wool":2,"born_in_chaos_v1:corpse_maggot":4,"minecraft:lime_bed":1,"minecraft:leather_chestplate":1,"minecraft:andesite":8,"luminousworld:ishstone":18,"minecraft:leather":1,"minecraft:potato":7,"minecraft:mushroom_stew":1,"minecraft:flint":3,"minecraft:oak_log":79,"iceandfire:ectoplasm":1,"minecraft:yellow_bed":1,"mca:book_romance":1,"minecraft:dirt":355,"minecraft:bone":4,"minecraft:wheat_seeds":299,"duckling:duck_egg":3,"minecraft:oak_planks":112,"minecraft:iron_sword":1,"minecraft:oak_slab":22,"minecraft:dandelion":13,"luminousworld:sunset_petunias":4,"minecraft:gravel":5,"minecraft:sand":41,"minecraft:dark_oak_log":2,"quark:oak_chest":1,"alexsmobs:animal_dictionary":1,"alexsmobs:raw_catfish":2,"minecraft:bread":10,"minecraft:oak_sapling":2,"minecraft:coal":72,"iceandfire:raw_silver":8},"minecraft:crafted":{"minecraft:oak_planks":308,"minecraft:stone_shovel":2,"minecraft:cooked_chicken":1,"minecraft:furnace":3,"minecraft:stone":64,"minecraft:cooked_mutton":4,"minecraft:stone_pickaxe":5,"alexsmobs:cooked_catfish":2,"minecraft:dark_oak_planks":8,"minecraft:wheat":153,"minecraft:cooked_beef":2,"minecraft:oak_slab":204,"minecraft:cooked_porkchop":8,"minecraft:crafting_table":2,"minecraft:stone_axe":1,"minecraft:bread":63,"minecraft:air":0,"minecraft:stick":16,"quark:oak_chest":2,"minecraft:oak_stairs":24,"minecraft:stone_sword":1,"minecraft:torch":4},"minecraft:killed":{"minecraft:spider":1,"alexsmobs:seagull":1,"born_in_chaos_v1:maggot":4,"minecraft:skeleton":1,"minecraft:chicken":1,"minecraft:husk":1,"minecraft:pig":3,"duckling:duck":1,"born_in_chaos_v1:decrepit_skeleton":2,"minecraft:sheep":2,"alexsmobs:catfish":1,"minecraft:zombie":1,"iceandfire:ghost":4,"born_in_chaos_v1:corpse_fly":1,"minecraft:cow":1},"minecraft:broken":{"minecraft:stone_pickaxe":3,"minecraft:stone_axe":1,"minecraft:stone_shovel":1},"minecraft:custom":{"minecraft:mob_kills":26,"minecraft:interact_with_crafting_table":34,"minecraft:open_barrel":3,"minecraft:damage_dealt_resisted":20,"minecraft:leave_game":4,"minecraft:time_since_death":24230,"minecraft:climb_one_cm":12472,"minecraft:sprint_one_cm":600904,"minecraft:walk_one_cm":619274,"minecraft:drop":61,"minecraft:play_time":198463,"minecraft:deaths":11,"minecraft:sneak_time":188,"minecraft:walk_under_water_one_cm":23325,"minecraft:jump":3873,"minecraft:interact_with_blast_furnace":1,"minecraft:walk_on_water_one_cm":33688,"minecraft:total_world_time":198463,"minecraft:interact_with_furnace":26,"minecraft:sleep_in_bed":2,"minecraft:time_since_rest":3452,"minecraft:damage_taken":5305,"tombstone:sneak_grave":1,"minecraft:damage_dealt":6101,"minecraft:swim_one_cm":102645,"minecraft:fly_one_cm":722506,"minecraft:open_chest":51,"minecraft:crouch_one_cm":10,"tombstone:undead_killed":9,"minecraft:fall_one_cm":97251}},"DataVersion":3465}