{"stats":{"minecraft:picked_up":{"minecraft:leather_chestplate":1,"minecraft:crafting_table":1,"minecraft:wheat":31,"minecraft:andesite":4,"luminousworld:ishstone":9,"minecraft:potato":7,"earthmobsmod:fancy_egg":1,"minecraft:mushroom_stew":1,"minecraft:flint":1,"minecraft:oak_log":51,"minecraft:cornflower":8,"minecraft:dirt":110,"minecraft:iron_leggings":1,"minecraft:armor_stand":1,"minecraft:bone":1,"minecraft:wheat_seeds":168,"minecraft:oak_planks":4,"minecraft:iron_sword":1,"duckling:duck_egg":3,"minecraft:stick":4,"minecraft:torch":7,"minecraft:dandelion":13,"luminousworld:sunset_petunias":3,"minecraft:sand":6,"minecraft:porkchop":8,"minecraft:carrot":6,"minecraft:dark_oak_log":2,"minecraft:stone_sword":1,"minecraft:rotten_flesh":2,"minecraft:bread":8,"minecraft:cobblestone":168},"minecraft:killed":{"minecraft:pig":2,"duckling:duck":1,"minecraft:skeleton":1,"iceandfire:ghost":2},"minecraft:broken":{"minecraft:stone_pickaxe":1},"minecraft:crafted":{"minecraft:oak_planks":188,"minecraft:stone_shovel":1,"minecraft:cooked_porkchop":2,"minecraft:crafting_table":1,"minecraft:furnace":1,"minecraft:stone_axe":1,"minecraft:bread":10,"minecraft:stick":8,"minecraft:stone_pickaxe":2,"minecraft:stone_sword":1,"minecraft:dark_oak_planks":8},"minecraft:used":{"minecraft:stone_sword":30,"minecraft:stone_pickaxe":164,"minecraft:stone_shovel":108,"minecraft:oak_planks":66,"earthmobsmod:fancy_egg":1,"minecraft:torch":2,"minecraft:dirt":14,"minecraft:crafting_table":2,"minecraft:carrot":10,"minecraft:bread":16,"minecraft:stone_axe":85,"minecraft:cobblestone":2,"minecraft:furnace":1,"minecraft:cooked_porkchop":1,"minecraft:porkchop":3,"tombstone:gift":2,"minecraft:potato":12},"minecraft:custom":{"minecraft:interact_with_furnace":6,"minecraft:mob_kills":6,"minecraft:interact_with_crafting_table":9,"minecraft:open_barrel":1,"minecraft:leave_game":3,"minecraft:time_since_death":2830,"minecraft:climb_one_cm":9697,"minecraft:time_since_rest":431,"minecraft:sprint_one_cm":201498,"minecraft:damage_taken":3219,"minecraft:walk_one_cm":291816,"minecraft:drop":6,"minecraft:damage_dealt":2648,"minecraft:swim_one_cm":36792,"minecraft:fly_one_cm":314216,"minecraft:open_chest":5,"minecraft:crouch_one_cm":10,"minecraft:play_time":85000,"tombstone:undead_killed":3,"minecraft:deaths":8,"minecraft:sneak_time":114,"minecraft:walk_under_water_one_cm":7327,"minecraft:jump":1598,"minecraft:interact_with_blast_furnace":1,"minecraft:walk_on_water_one_cm":17322,"minecraft:total_world_time":85000,"minecraft:fall_one_cm":39609},"minecraft:dropped":{"minecraft:bread":2,"luminousworld:sunset_petunias":2,"minecraft:rotten_flesh":2,"minecraft:cornflower":8,"minecraft:dandelion":13},"minecraft:mined":{"minecraft:farmland":13,"minecraft:dark_oak_log":2,"minecraft:dandelion":5,"minecraft:crafting_table":1,"minecraft:cornflower":4,"biomesoplenty:bush":1,"minecraft:grass_block":93,"luminousworld:grassvariant_2":2,"minecraft:cobblestone":2,"minecraft:oak_planks":4,"minecraft:wall_torch":6,"luminousworld:sunset_petunias":2,"minecraft:iron_ore":1,"minecraft:wheat":42,"minecraft:andesite":1,"minecraft:grass":9,"minecraft:oak_log":53,"minecraft:dirt":3,"luminousworld:grassvariant_3":4,"minecraft:stone":159,"minecraft:cake":1,"minecraft:oak_leaves":24}},"DataVersion":3465}