{"stats":{"minecraft:mined":{"iceandfire:silver_ore":16,"luminousworld:grassvariant_4":1,"minecraft:jungle_leaves":8,"minecraft:cave_vines_plant":2,"minecraft:ladder":3,"minecraft:granite":30,"biomesoplenty:bush":11,"minecraft:grass_block":323,"minecraft:iron_ore":37,"minecraft:fire":2,"minecraft:andesite":33,"minecraft:cave_vines":2,"minecraft:vine":1,"minecraft:bamboo":1,"luminousworld:groundpebbles_2":4,"ecologics:walnut_log":8,"minecraft:stone":751,"minecraft:crafting_table":7,"minecraft:torch":3,"ecologics:walnut_leaves":3,"minecraft:chest":8,"undead_revamp2:blacpetalblock":1,"minecraft:tall_grass":1,"minecraft:copper_ore":5,"minecraft:cobblestone":94,"minecraft:lapis_ore":5,"minecraft:sugar_cane":2,"minecraft:oak_planks":4,"minecraft:diorite":11,"minecraft:wall_torch":9,"minecraft:skeleton_skull":1,"minecraft:wheat":29,"minecraft:lilac":2,"minecraft:grass":14,"minecraft:oak_log":43,"minecraft:coal_ore":58,"luminousworld:ishstone":3,"minecraft:gravel":37,"minecraft:dirt":283,"minecraft:oak_leaves":156},"minecraft:dropped":{"minecraft:bread":1,"minecraft:wheat_seeds":10,"minecraft:lapis_lazuli":29,"minecraft:feather":6,"minecraft:cobblestone":191,"minecraft:granite":21,"endrem:lost_eye":1,"minecraft:flint":4,"minecraft:dirt":17,"minecraft:wooden_axe":3,"minecraft:string":9,"minecraft:bone":1,"minecraft:gravel":7,"duckling:raw_duck":1,"minecraft:stone_axe":2,"minecraft:sugar_cane":8,"minecraft:detector_rail":2,"minecraft:raw_copper":26,"minecraft:oak_planks":8,"minecraft:pumpkin_seeds":2,"luminousworld:groundpebbles_1":5,"minecraft:andesite":11,"minecraft:wooden_pickaxe":2,"minecraft:stone_pickaxe":1},"minecraft:used":{"minecraft:iron_shovel":512,"minecraft:stone_sword":50,"iceandfire:silver_sword":1,"undead_revamp2:blacpetalblock":1,"minecraft:ladder":12,"minecraft:chest":8,"minecraft:iron_sword":95,"minecraft:torch":23,"minecraft:dirt":47,"iceandfire:copper_sword":5,"minecraft:granite":23,"born_in_chaos_v1:corpse_maggot":3,"minecraft:wooden_axe":8,"minecraft:oak_sapling":1,"minecraft:furnace":4,"duckling:duck_egg":1,"tombstone:gift":1,"minecraft:skeleton_skull":1,"minecraft:wheat_seeds":26,"minecraft:stone_pickaxe":675,"minecraft:oak_planks":24,"minecraft:wooden_pickaxe":41,"minecraft:glow_berries":16,"minecraft:crafting_table":11,"earthmobsmod:duck_egg":1,"minecraft:bread":27,"minecraft:iron_pickaxe":210,"minecraft:stone_axe":85,"minecraft:cobblestone":512,"quark:oak_chest":2,"alexsmobs:animal_dictionary":2},"minecraft:picked_up":{"minecraft:wooden_axe":2,"luminousworld:groundpebbles_1":5,"minecraft:crafting_table":7,"minecraft:wheat":56,"iceandfire:copper_sword":1,"minecraft:chicken":4,"minecraft:ladder":4,"minecraft:wooden_pickaxe":2,"minecraft:string":19,"minecraft:raw_copper":26,"minecraft:detector_rail":4,"earthmobsmod:duck_egg":1,"minecraft:sugar_cane":24,"minecraft:chest":8,"duckling:raw_duck":1,"minecraft:stick":8,"minecraft:raw_iron":37,"ecologics:walnut_log":14,"minecraft:torch":12,"tombstone:grave_dust":2,"minecraft:diorite":11,"minecraft:stone_sword":1,"minecraft:rotten_flesh":7,"minecraft:beetroot_seeds":3,"minecraft:glow_berries":1,"minecraft:skeleton_skull":1,"minecraft:cobblestone":934,"born_in_chaos_v1:corpse_maggot":6,"minecraft:feather":24,"minecraft:lilac":8,"minecraft:andesite":31,"luminousworld:ishstone":9,"minecraft:flint":7,"minecraft:oak_log":57,"supplementaries:flax_seeds":2,"minecraft:gunpowder":28,"minecraft:lapis_lazuli":92,"minecraft:dirt":576,"minecraft:name_tag":1,"minecraft:apple":1,"undead_revamp2:blacpetalblock":2,"minecraft:wheat_seeds":357,"minecraft:iron_ingot":1,"minecraft:bamboo":26,"minecraft:iron_sword":1,"minecraft:oak_planks":12,"duckling:duck_egg":1,"endrem:lost_eye":3,"minecraft:gravel":32,"minecraft:pumpkin_seeds":4,"minecraft:stone_axe":1,"tombstone:scroll_of_knowledge":1,"minecraft:granite":50,"minecraft:bread":21,"tombstone:magic_scroll":1,"minecraft:oak_sapling":9,"minecraft:coal":77,"iceandfire:raw_silver":16},"minecraft:crafted":{"minecraft:oak_planks":84,"minecraft:furnace":4,"minecraft:iron_boots":1,"minecraft:iron_axe":1,"minecraft:ladder":8,"minecraft:stone_pickaxe":6,"iceandfire:silver_ingot":13,"minecraft:crafting_table":4,"minecraft:wooden_pickaxe":1,"minecraft:iron_helmet":1,"minecraft:iron_sword":1,"minecraft:stone_axe":1,"minecraft:bread":9,"minecraft:air":0,"minecraft:iron_chestplate":1,"minecraft:stick":48,"quark:oak_chest":2,"minecraft:iron_ingot":34,"minecraft:iron_pickaxe":1,"minecraft:wooden_axe":1,"minecraft:stone_sword":1,"minecraft:iron_shovel":2,"minecraft:iron_leggings":1,"minecraft:torch":20,"iceandfire:silver_sword":1},"minecraft:killed":{"earthmobsmod:duck":2,"earthmobsmod:hyper_rabbit":1,"naturalist:snail":1,"born_in_chaos_v1:firelight_not_despawn":1,"duckling:duck":1,"born_in_chaos_v1:swarmer":1,"undead_revamp2:the_moonflower":2,"minecraft:zombie":1,"iceandfire:ghost":3,"born_in_chaos_v1:corpse_fly":3},"minecraft:broken":{"minecraft:iron_shovel":2,"minecraft:stone_pickaxe":4},"minecraft:custom":{"minecraft:mob_kills":16,"minecraft:interact_with_crafting_table":24,"minecraft:damage_dealt_resisted":10,"minecraft:leave_game":2,"minecraft:time_since_death":5886,"minecraft:climb_one_cm":9596,"minecraft:sprint_one_cm":320083,"minecraft:walk_one_cm":430281,"minecraft:drop":36,"minecraft:play_time":136793,"minecraft:deaths":5,"minecraft:sneak_time":5408,"minecraft:walk_under_water_one_cm":10415,"minecraft:jump":2405,"minecraft:walk_on_water_one_cm":17160,"minecraft:total_world_time":136793,"minecraft:interact_with_furnace":22,"minecraft:time_since_rest":3487,"minecraft:damage_taken":3038,"minecraft:trigger_trapped_chest":2,"minecraft:damage_dealt":3776,"minecraft:swim_one_cm":11968,"minecraft:fly_one_cm":438600,"minecraft:player_kills":1,"minecraft:open_chest":20,"minecraft:crouch_one_cm":17007,"tombstone:undead_killed":7,"minecraft:fall_one_cm":55645}},"DataVersion":3465}