{"stats":{"minecraft:picked_up":{"minecraft:wooden_axe":2,"luminousworld:groundpebbles_1":4,"minecraft:crafting_table":3,"minecraft:wheat":28,"minecraft:feather":6,"minecraft:chicken":2,"minecraft:andesite":29,"luminousworld:ishstone":3,"minecraft:wooden_pickaxe":2,"minecraft:flint":5,"minecraft:oak_log":32,"minecraft:dirt":11,"minecraft:string":1,"minecraft:raw_copper":26,"minecraft:wheat_seeds":139,"minecraft:bamboo":13,"minecraft:sugar_cane":6,"minecraft:chest":2,"duckling:duck_egg":1,"duckling:raw_duck":1,"minecraft:stick":1,"minecraft:raw_iron":9,"ecologics:walnut_log":7,"minecraft:torch":3,"minecraft:gravel":32,"minecraft:bread":19,"minecraft:oak_sapling":1,"minecraft:coal":26,"minecraft:skeleton_skull":1,"iceandfire:raw_silver":2,"minecraft:cobblestone":431},"minecraft:killed":{"earthmobsmod:duck":2,"earthmobsmod:hyper_rabbit":1,"duckling:duck":1,"born_in_chaos_v1:firelight_not_despawn":1},"minecraft:broken":{"minecraft:stone_pickaxe":2},"minecraft:crafted":{"minecraft:oak_planks":24,"iceandfire:silver_ingot":2,"minecraft:crafting_table":2,"minecraft:wooden_pickaxe":1,"minecraft:furnace":1,"minecraft:stone_axe":1,"minecraft:air":0,"minecraft:iron_chestplate":1,"minecraft:stick":20,"minecraft:iron_ingot":9,"minecraft:stone_pickaxe":4,"minecraft:wooden_axe":1,"minecraft:stone_sword":1,"minecraft:torch":12,"iceandfire:silver_sword":1},"minecraft:custom":{"minecraft:interact_with_furnace":8,"minecraft:mob_kills":5,"minecraft:interact_with_crafting_table":12,"minecraft:leave_game":1,"minecraft:time_since_death":4488,"minecraft:climb_one_cm":4000,"minecraft:time_since_rest":3927,"minecraft:sprint_one_cm":136009,"minecraft:damage_taken":1170,"minecraft:walk_one_cm":149379,"minecraft:trigger_trapped_chest":2,"minecraft:drop":21,"minecraft:damage_dealt":970,"minecraft:swim_one_cm":7049,"minecraft:fly_one_cm":223442,"minecraft:open_chest":2,"minecraft:crouch_one_cm":283,"minecraft:play_time":51700,"minecraft:deaths":1,"minecraft:sneak_time":298,"minecraft:walk_under_water_one_cm":1677,"minecraft:jump":1070,"minecraft:walk_on_water_one_cm":6588,"minecraft:total_world_time":51700,"minecraft:fall_one_cm":31212},"minecraft:used":{"minecraft:wheat_seeds":26,"minecraft:stone_sword":31,"iceandfire:silver_sword":1,"minecraft:stone_pickaxe":434,"minecraft:wooden_pickaxe":41,"minecraft:torch":9,"iceandfire:copper_sword":5,"minecraft:crafting_table":5,"minecraft:wooden_axe":8,"minecraft:bread":17,"minecraft:stone_axe":71,"minecraft:cobblestone":49,"minecraft:furnace":1,"minecraft:oak_sapling":1,"duckling:duck_egg":1,"tombstone:gift":1,"alexsmobs:animal_dictionary":1},"minecraft:dropped":{"minecraft:gravel":7,"minecraft:bread":1,"duckling:raw_duck":1,"minecraft:raw_copper":26,"minecraft:cobblestone":186,"minecraft:flint":4,"minecraft:dirt":2,"minecraft:andesite":11,"luminousworld:groundpebbles_1":4,"minecraft:wooden_axe":3,"minecraft:wooden_pickaxe":2,"minecraft:stone_pickaxe":1,"minecraft:bone":1},"minecraft:mined":{"iceandfire:silver_ore":2,"luminousworld:grassvariant_4":1,"minecraft:jungle_leaves":8,"minecraft:crafting_table":3,"minecraft:granite":1,"biomesoplenty:bush":2,"minecraft:grass_block":2,"ecologics:walnut_leaves":3,"minecraft:chest":2,"minecraft:tall_grass":1,"minecraft:copper_ore":5,"minecraft:cobblestone":4,"minecraft:sugar_cane":2,"minecraft:wall_torch":4,"minecraft:skeleton_skull":1,"minecraft:iron_ore":9,"minecraft:wheat":29,"minecraft:fire":2,"minecraft:andesite":31,"minecraft:grass":4,"minecraft:oak_log":32,"minecraft:coal_ore":26,"luminousworld:ishstone":3,"minecraft:vine":1,"minecraft:gravel":37,"minecraft:dirt":16,"minecraft:bamboo":1,"luminousworld:groundpebbles_2":4,"ecologics:walnut_log":8,"minecraft:stone":337,"minecraft:oak_leaves":24}},"DataVersion":3465}