{"stats":{"minecraft:mined":{"iceandfire:silver_ore":16,"luminousworld:grassvariant_4":1,"alexsmobs:leafcutter_anthill":1,"minecraft:jungle_leaves":8,"minecraft:cave_vines_plant":4,"minecraft:ladder":3,"minecraft:granite":31,"biomesoplenty:bush":11,"minecraft:grass_block":328,"minecraft:large_fern":3,"minecraft:furnace":3,"minecraft:iron_ore":40,"supplementaries:flax":2,"minecraft:fire":2,"minecraft:andesite":33,"minecraft:cave_vines":2,"minecraft:vine":1,"minecraft:bamboo":1,"luminousworld:groundpebbles_2":4,"ecologics:walnut_log":8,"minecraft:stone":1065,"minecraft:crafting_table":8,"minecraft:torch":8,"ecologics:walnut_leaves":3,"minecraft:chest":8,"undead_revamp2:blacpetalblock":1,"minecraft:tall_grass":1,"minecraft:copper_ore":14,"minecraft:cobblestone":179,"minecraft:lapis_ore":9,"minecraft:sugar_cane":2,"minecraft:oak_planks":4,"minecraft:big_dripleaf":2,"minecraft:diorite":12,"minecraft:wall_torch":16,"minecraft:skeleton_skull":1,"minecraft:wheat":29,"minecraft:lilac":2,"minecraft:grass":15,"minecraft:oak_log":88,"minecraft:coal_ore":58,"luminousworld:ishstone":3,"minecraft:gravel":51,"minecraft:dirt":295,"minecraft:cobweb":1,"minecraft:oak_leaves":175,"minecraft:fern":11},"minecraft:dropped":{"minecraft:bread":1,"minecraft:wheat_seeds":10,"minecraft:lapis_lazuli":29,"minecraft:feather":7,"minecraft:cobblestone":191,"minecraft:granite":22,"endrem:lost_eye":1,"minecraft:flint":4,"minecraft:dirt":17,"minecraft:diorite":1,"minecraft:wooden_axe":3,"supplementaries:flax":4,"minecraft:string":9,"minecraft:bone":1,"minecraft:gravel":20,"duckling:raw_duck":1,"minecraft:stone_axe":2,"minecraft:sugar_cane":8,"minecraft:detector_rail":2,"minecraft:raw_copper":58,"minecraft:rotten_flesh":10,"minecraft:oak_planks":8,"minecraft:rabbit_foot":1,"minecraft:pumpkin_seeds":2,"minecraft:rabbit_hide":2,"supplementaries:flax_seeds":6,"luminousworld:groundpebbles_1":5,"minecraft:andesite":11,"minecraft:wooden_pickaxe":2,"minecraft:stone_pickaxe":1},"minecraft:used":{"minecraft:iron_shovel":512,"minecraft:stone_sword":50,"iceandfire:silver_sword":1,"undead_revamp2:blacpetalblock":2,"minecraft:ladder":12,"minecraft:chest":8,"minecraft:stone":79,"minecraft:iron_sword":127,"minecraft:stone_hoe":68,"minecraft:torch":40,"minecraft:dirt":128,"iceandfire:copper_sword":5,"minecraft:granite":23,"minecraft:big_dripleaf":1,"born_in_chaos_v1:corpse_maggot":6,"minecraft:wooden_axe":8,"minecraft:iron_axe":64,"minecraft:stone_bricks":38,"minecraft:oak_sapling":9,"minecraft:furnace":7,"duckling:duck_egg":5,"tombstone:gift":3,"minecraft:skeleton_skull":1,"minecraft:wheat_seeds":93,"minecraft:water_bucket":3,"minecraft:stone_pickaxe":786,"minecraft:oak_planks":24,"minecraft:wooden_pickaxe":41,"minecraft:glow_berries":16,"minecraft:crafting_table":12,"minecraft:pumpkin_seeds":2,"earthmobsmod:duck_egg":1,"minecraft:bread":33,"minecraft:iron_pickaxe":247,"supplementaries:flax_seeds":2,"minecraft:stone_axe":85,"minecraft:cobblestone":628,"minecraft:bucket":3,"quark:oak_chest":2,"alexsmobs:animal_dictionary":2,"minecraft:bone_meal":18},"minecraft:picked_up":{"minecraft:wooden_axe":2,"luminousworld:groundpebbles_1":5,"minecraft:crafting_table":8,"minecraft:wheat":59,"iceandfire:copper_sword":1,"minecraft:chicken":4,"minecraft:ladder":4,"minecraft:wooden_pickaxe":2,"minecraft:string":19,"minecraft:raw_copper":58,"minecraft:detector_rail":4,"earthmobsmod:duck_egg":1,"minecraft:sugar_cane":24,"minecraft:chest":8,"minecraft:furnace":3,"duckling:raw_duck":1,"minecraft:stick":14,"minecraft:raw_iron":40,"ecologics:walnut_log":14,"minecraft:big_dripleaf":2,"minecraft:torch":26,"tombstone:grave_dust":2,"minecraft:diorite":12,"supplementaries:flax":4,"minecraft:rabbit_foot":1,"iceandfire:silver_ingot":3,"minecraft:stone_sword":1,"minecraft:arrow":2,"minecraft:rotten_flesh":10,"minecraft:beetroot_seeds":3,"minecraft:glow_berries":1,"minecraft:skeleton_skull":1,"minecraft:cobblestone":1318,"born_in_chaos_v1:corpse_maggot":6,"minecraft:feather":25,"minecraft:lilac":8,"minecraft:andesite":31,"luminousworld:ishstone":9,"minecraft:flint":8,"minecraft:oak_log":102,"iceandfire:ectoplasm":1,"supplementaries:flax_seeds":8,"minecraft:gunpowder":28,"minecraft:lapis_lazuli":120,"minecraft:dirt":593,"minecraft:name_tag":1,"minecraft:bone":6,"minecraft:apple":1,"undead_revamp2:blacpetalblock":2,"minecraft:wheat_seeds":370,"minecraft:rabbit_hide":2,"minecraft:iron_ingot":4,"minecraft:bamboo":26,"minecraft:iron_sword":1,"minecraft:oak_planks":12,"duckling:duck_egg":5,"endrem:lost_eye":3,"minecraft:gravel":45,"minecraft:pumpkin_seeds":4,"minecraft:stone_axe":1,"tombstone:scroll_of_knowledge":1,"minecraft:granite":51,"minecraft:bread":21,"tombstone:magic_scroll":1,"minecraft:oak_sapling":13,"minecraft:coal":125,"iceandfire:raw_silver":16},"minecraft:crafted":{"minecraft:oak_planks":88,"minecraft:cobblestone_slab":96,"minecraft:furnace":4,"minecraft:stone":125,"minecraft:bone_meal":18,"minecraft:iron_boots":1,"minecraft:iron_axe":2,"minecraft:ladder":8,"minecraft:stone_pickaxe":6,"minecraft:stone_bricks":44,"minecraft:stone_hoe":1,"iceandfire:silver_ingot":13,"minecraft:crafting_table":4,"minecraft:wooden_pickaxe":1,"minecraft:iron_helmet":1,"minecraft:iron_sword":1,"minecraft:bucket":1,"minecraft:stone_axe":1,"minecraft:bread":10,"minecraft:air":0,"minecraft:iron_chestplate":1,"minecraft:stick":56,"quark:oak_chest":2,"minecraft:iron_ingot":37,"minecraft:iron_pickaxe":1,"minecraft:wooden_axe":1,"minecraft:stone_sword":1,"minecraft:iron_shovel":4,"minecraft:iron_leggings":1,"minecraft:torch":20,"iceandfire:silver_sword":1},"minecraft:killed":{"earthmobsmod:duck":2,"earthmobsmod:hyper_rabbit":1,"earthmobsmod:jumbo_rabbit":1,"naturalist:snail":1,"born_in_chaos_v1:firelight_not_despawn":1,"duckling:duck":2,"born_in_chaos_v1:swarmer":1,"undead_revamp2:the_moonflower":3,"born_in_chaos_v1:decrepit_skeleton":2,"minecraft:zombie":1,"iceandfire:ghost":4,"born_in_chaos_v1:corpse_fly":3,"alexsmobs:crow":1},"minecraft:broken":{"minecraft:iron_shovel":2,"minecraft:stone_pickaxe":5,"minecraft:iron_pickaxe":1},"minecraft:custom":{"minecraft:mob_kills":23,"minecraft:interact_with_crafting_table":42,"minecraft:damage_dealt_resisted":10,"minecraft:leave_game":2,"minecraft:time_since_death":47886,"minecraft:climb_one_cm":15518,"minecraft:sprint_one_cm":401543,"minecraft:walk_one_cm":624347,"minecraft:drop":56,"minecraft:play_time":178793,"minecraft:deaths":5,"minecraft:sneak_time":5921,"minecraft:walk_under_water_one_cm":13560,"minecraft:jump":2806,"minecraft:walk_on_water_one_cm":35770,"minecraft:total_world_time":178793,"minecraft:interact_with_furnace":86,"minecraft:time_since_rest":45487,"minecraft:damage_taken":3548,"minecraft:trigger_trapped_chest":2,"minecraft:damage_dealt":5093,"minecraft:swim_one_cm":18303,"minecraft:fly_one_cm":496361,"minecraft:player_kills":1,"minecraft:open_chest":34,"minecraft:crouch_one_cm":19209,"tombstone:undead_killed":11,"minecraft:fall_one_cm":67162}},"DataVersion":3465}