{"stats":{"minecraft:picked_up":{"minecraft:wooden_axe":2,"luminousworld:groundpebbles_1":4,"minecraft:crafting_table":7,"minecraft:wheat":56,"minecraft:chicken":4,"iceandfire:copper_sword":1,"minecraft:ladder":4,"minecraft:wooden_pickaxe":2,"minecraft:string":19,"minecraft:raw_copper":26,"minecraft:detector_rail":4,"earthmobsmod:duck_egg":1,"minecraft:sugar_cane":24,"minecraft:chest":8,"duckling:raw_duck":1,"minecraft:stick":1,"minecraft:raw_iron":35,"ecologics:walnut_log":14,"minecraft:torch":5,"tombstone:grave_dust":2,"minecraft:diorite":11,"minecraft:stone_sword":1,"minecraft:beetroot_seeds":3,"minecraft:skeleton_skull":1,"minecraft:cobblestone":638,"minecraft:feather":24,"minecraft:andesite":31,"luminousworld:ishstone":9,"minecraft:flint":7,"minecraft:oak_log":47,"supplementaries:flax_seeds":2,"minecraft:gunpowder":28,"minecraft:lapis_lazuli":87,"minecraft:dirt":97,"minecraft:name_tag":1,"minecraft:wheat_seeds":352,"minecraft:iron_ingot":1,"minecraft:bamboo":26,"minecraft:oak_planks":12,"duckling:duck_egg":1,"endrem:lost_eye":3,"minecraft:gravel":32,"minecraft:pumpkin_seeds":4,"minecraft:stone_axe":1,"tombstone:scroll_of_knowledge":1,"minecraft:granite":44,"minecraft:bread":21,"tombstone:magic_scroll":1,"minecraft:oak_sapling":2,"minecraft:coal":77,"iceandfire:raw_silver":13},"minecraft:killed":{"earthmobsmod:duck":2,"earthmobsmod:hyper_rabbit":1,"born_in_chaos_v1:firelight_not_despawn":1,"duckling:duck":1,"minecraft:zombie":1,"iceandfire:ghost":1},"minecraft:broken":{"minecraft:stone_pickaxe":4},"minecraft:custom":{"minecraft:mob_kills":7,"minecraft:interact_with_crafting_table":19,"minecraft:leave_game":1,"minecraft:time_since_death":41733,"minecraft:climb_one_cm":7469,"minecraft:sprint_one_cm":246575,"minecraft:walk_one_cm":290383,"minecraft:drop":35,"minecraft:play_time":99700,"minecraft:deaths":3,"minecraft:sneak_time":2521,"minecraft:walk_under_water_one_cm":2621,"minecraft:jump":1786,"minecraft:walk_on_water_one_cm":12827,"minecraft:total_world_time":99700,"minecraft:interact_with_furnace":20,"minecraft:time_since_rest":39334,"minecraft:damage_taken":1811,"minecraft:trigger_trapped_chest":2,"minecraft:damage_dealt":1559,"minecraft:swim_one_cm":9053,"minecraft:player_kills":1,"minecraft:fly_one_cm":330623,"minecraft:open_chest":17,"minecraft:crouch_one_cm":7543,"tombstone:undead_killed":2,"minecraft:fall_one_cm":43592},"minecraft:used":{"minecraft:stone_sword":50,"iceandfire:silver_sword":1,"minecraft:ladder":12,"minecraft:chest":8,"minecraft:iron_sword":2,"minecraft:torch":17,"minecraft:dirt":43,"iceandfire:copper_sword":5,"minecraft:granite":5,"minecraft:wooden_axe":8,"minecraft:oak_sapling":1,"minecraft:furnace":4,"duckling:duck_egg":1,"tombstone:gift":1,"minecraft:skeleton_skull":1,"minecraft:wheat_seeds":26,"minecraft:stone_pickaxe":675,"minecraft:oak_planks":24,"minecraft:wooden_pickaxe":41,"minecraft:glow_berries":14,"minecraft:crafting_table":11,"earthmobsmod:duck_egg":1,"minecraft:bread":22,"minecraft:stone_axe":85,"minecraft:cobblestone":304,"quark:oak_chest":1,"alexsmobs:animal_dictionary":2},"minecraft:crafted":{"minecraft:oak_planks":76,"minecraft:furnace":4,"minecraft:iron_boots":1,"minecraft:iron_axe":1,"minecraft:ladder":8,"minecraft:stone_pickaxe":6,"iceandfire:silver_ingot":13,"minecraft:crafting_table":4,"minecraft:wooden_pickaxe":1,"minecraft:iron_helmet":1,"minecraft:iron_sword":1,"minecraft:stone_axe":1,"minecraft:bread":9,"minecraft:air":0,"minecraft:iron_chestplate":1,"minecraft:stick":48,"quark:oak_chest":1,"minecraft:iron_ingot":34,"minecraft:iron_pickaxe":1,"minecraft:wooden_axe":1,"minecraft:stone_sword":1,"minecraft:iron_leggings":1,"minecraft:torch":20,"iceandfire:silver_sword":1},"minecraft:dropped":{"minecraft:bread":1,"minecraft:wheat_seeds":10,"minecraft:lapis_lazuli":29,"minecraft:feather":6,"minecraft:cobblestone":191,"minecraft:granite":21,"endrem:lost_eye":1,"minecraft:flint":4,"minecraft:dirt":17,"minecraft:wooden_axe":3,"minecraft:string":9,"minecraft:bone":1,"minecraft:gravel":7,"duckling:raw_duck":1,"minecraft:stone_axe":2,"minecraft:sugar_cane":8,"minecraft:detector_rail":2,"minecraft:raw_copper":26,"minecraft:oak_planks":8,"minecraft:pumpkin_seeds":2,"luminousworld:groundpebbles_1":4,"minecraft:andesite":11,"minecraft:stone_pickaxe":1,"minecraft:wooden_pickaxe":2},"minecraft:mined":{"iceandfire:silver_ore":13,"luminousworld:grassvariant_4":1,"minecraft:jungle_leaves":8,"minecraft:granite":24,"minecraft:ladder":3,"biomesoplenty:bush":5,"minecraft:grass_block":24,"minecraft:iron_ore":35,"minecraft:fire":2,"minecraft:andesite":33,"minecraft:cave_vines":2,"minecraft:vine":1,"ecologics:walnut_log":8,"luminousworld:groundpebbles_2":4,"minecraft:bamboo":1,"minecraft:stone":481,"minecraft:crafting_table":7,"ecologics:walnut_leaves":3,"minecraft:chest":8,"minecraft:copper_ore":5,"minecraft:tall_grass":1,"minecraft:cobblestone":65,"minecraft:lapis_ore":4,"minecraft:sugar_cane":2,"minecraft:oak_planks":4,"minecraft:diorite":11,"minecraft:wall_torch":6,"minecraft:skeleton_skull":1,"minecraft:wheat":29,"minecraft:grass":5,"luminousworld:ishstone":3,"minecraft:coal_ore":58,"minecraft:oak_log":33,"minecraft:dirt":51,"minecraft:gravel":37,"minecraft:oak_leaves":31}},"DataVersion":3465}