{"stats":{"minecraft:picked_up":{"minecraft:wooden_axe":2,"luminousworld:groundpebbles_1":4,"minecraft:crafting_table":5,"minecraft:wheat":56,"minecraft:feather":12,"iceandfire:copper_sword":1,"minecraft:chicken":4,"minecraft:ladder":4,"minecraft:andesite":31,"luminousworld:ishstone":6,"minecraft:wooden_pickaxe":2,"minecraft:flint":6,"supplementaries:flax_seeds":2,"minecraft:oak_log":47,"minecraft:gunpowder":14,"minecraft:lapis_lazuli":29,"minecraft:dirt":72,"minecraft:string":10,"minecraft:raw_copper":26,"minecraft:name_tag":1,"minecraft:wheat_seeds":252,"earthmobsmod:duck_egg":1,"minecraft:iron_ingot":1,"minecraft:bamboo":26,"minecraft:sugar_cane":8,"minecraft:chest":6,"minecraft:oak_planks":4,"duckling:duck_egg":1,"duckling:raw_duck":1,"endrem:lost_eye":1,"minecraft:stick":1,"minecraft:raw_iron":35,"ecologics:walnut_log":14,"minecraft:torch":4,"minecraft:gravel":32,"tombstone:grave_dust":1,"minecraft:diorite":11,"minecraft:stone_sword":1,"minecraft:stone_axe":1,"tombstone:scroll_of_knowledge":1,"minecraft:beetroot_seeds":3,"minecraft:granite":23,"minecraft:bread":21,"tombstone:magic_scroll":1,"minecraft:oak_sapling":2,"minecraft:coal":53,"minecraft:skeleton_skull":1,"iceandfire:raw_silver":13,"minecraft:cobblestone":607},"minecraft:killed":{"earthmobsmod:duck":2,"earthmobsmod:hyper_rabbit":1,"duckling:duck":1,"minecraft:zombie":1,"iceandfire:ghost":1,"born_in_chaos_v1:firelight_not_despawn":1},"minecraft:broken":{"minecraft:stone_pickaxe":4},"minecraft:crafted":{"minecraft:oak_planks":76,"iceandfire:silver_ingot":2,"minecraft:crafting_table":3,"minecraft:wooden_pickaxe":1,"minecraft:furnace":1,"minecraft:stone_axe":1,"minecraft:air":0,"minecraft:iron_chestplate":1,"minecraft:ladder":8,"minecraft:stick":48,"minecraft:iron_ingot":9,"minecraft:stone_pickaxe":6,"minecraft:wooden_axe":1,"minecraft:stone_sword":1,"minecraft:torch":20,"iceandfire:silver_sword":1},"minecraft:custom":{"minecraft:interact_with_furnace":9,"minecraft:mob_kills":7,"minecraft:interact_with_crafting_table":14,"minecraft:leave_game":1,"minecraft:time_since_death":29733,"minecraft:climb_one_cm":5585,"minecraft:time_since_rest":27334,"minecraft:sprint_one_cm":237866,"minecraft:damage_taken":1545,"minecraft:walk_one_cm":257308,"minecraft:trigger_trapped_chest":2,"minecraft:drop":23,"minecraft:damage_dealt":1413,"minecraft:swim_one_cm":7681,"minecraft:fly_one_cm":317176,"minecraft:player_kills":1,"minecraft:open_chest":9,"minecraft:crouch_one_cm":6101,"tombstone:undead_killed":2,"minecraft:play_time":87700,"minecraft:deaths":3,"minecraft:sneak_time":1958,"minecraft:walk_under_water_one_cm":2182,"minecraft:jump":1654,"minecraft:walk_on_water_one_cm":11279,"minecraft:total_world_time":87700,"minecraft:fall_one_cm":40276},"minecraft:used":{"minecraft:wheat_seeds":26,"minecraft:stone_sword":50,"iceandfire:silver_sword":1,"minecraft:ladder":12,"minecraft:stone_pickaxe":675,"minecraft:oak_planks":23,"minecraft:chest":6,"minecraft:wooden_pickaxe":41,"minecraft:torch":13,"minecraft:glow_berries":7,"minecraft:dirt":41,"iceandfire:copper_sword":5,"minecraft:crafting_table":8,"minecraft:granite":2,"minecraft:wooden_axe":8,"earthmobsmod:duck_egg":1,"minecraft:bread":17,"minecraft:stone_axe":85,"minecraft:cobblestone":254,"minecraft:furnace":1,"minecraft:oak_sapling":1,"duckling:duck_egg":1,"minecraft:skeleton_skull":1,"tombstone:gift":1,"alexsmobs:animal_dictionary":2},"minecraft:dropped":{"minecraft:gravel":7,"minecraft:bread":1,"duckling:raw_duck":1,"minecraft:stone_axe":2,"minecraft:raw_copper":26,"minecraft:cobblestone":186,"minecraft:flint":4,"minecraft:dirt":2,"minecraft:andesite":11,"luminousworld:groundpebbles_1":4,"minecraft:wooden_axe":3,"minecraft:wooden_pickaxe":2,"minecraft:stone_pickaxe":1,"minecraft:bone":1},"minecraft:mined":{"iceandfire:silver_ore":13,"luminousworld:grassvariant_4":1,"minecraft:jungle_leaves":8,"minecraft:crafting_table":5,"minecraft:ladder":3,"minecraft:granite":24,"biomesoplenty:bush":5,"minecraft:grass_block":13,"ecologics:walnut_leaves":3,"minecraft:chest":6,"minecraft:tall_grass":1,"minecraft:copper_ore":5,"minecraft:cobblestone":63,"minecraft:lapis_ore":4,"minecraft:oak_planks":4,"minecraft:sugar_cane":2,"minecraft:diorite":11,"minecraft:wall_torch":5,"minecraft:skeleton_skull":1,"minecraft:iron_ore":35,"minecraft:wheat":29,"minecraft:fire":2,"minecraft:andesite":33,"minecraft:grass":5,"minecraft:oak_log":33,"minecraft:coal_ore":39,"luminousworld:ishstone":3,"minecraft:vine":1,"minecraft:gravel":37,"minecraft:dirt":47,"minecraft:bamboo":1,"luminousworld:groundpebbles_2":4,"ecologics:walnut_log":8,"minecraft:stone":456,"minecraft:oak_leaves":31}},"DataVersion":3465}