{"stats":{"minecraft:picked_up":{"born_in_chaos_v1:corpse_maggot":12,"minecraft:charcoal":3,"minecraft:seagrass":5,"minecraft:wheat":134,"minecraft:azure_bluet":1,"minecraft:chicken":3,"minecraft:leather":3,"minecraft:enchanted_book":2,"minecraft:oak_log":5,"minecraft:cornflower":8,"minecraft:dirt":8,"tombstone:gift":1,"minecraft:iron_leggings":1,"minecraft:bone":5,"minecraft:wheat_seeds":391,"earthmobsmod:duck_egg":1,"minecraft:raw_gold":1,"earthmobsmod:fancy_feather":2,"minecraft:beef":8,"minecraft:redstone_torch":1,"tombstone:bag_of_seeds":1,"minecraft:iron_sword":3,"minecraft:sugar_cane":1,"minecraft:oak_planks":5,"duckling:duck_egg":1,"minecraft:iron_boots":1,"minecraft:tipped_arrow":2,"minecraft:raw_iron":2,"ecologics:walnut_log":9,"minecraft:torch":8,"born_in_chaos_v1:flaming_evil_pumpkin":1,"luminousworld:sunset_petunias":2,"minecraft:sand":2,"tombstone:grave_dust":3,"minecraft:white_bed":2,"minecraft:carrot":1,"minecraft:tnt":1,"minecraft:prismarine_crystals":4,"minecraft:arrow":3,"minecraft:iron_hoe":1,"minecraft:rotten_flesh":15,"born_in_chaos_v1:fire_dust":6,"minecraft:cherry_sapling":1,"supplementaries:ash":1,"minecraft:iron_bars":4,"minecraft:coal":22,"iceandfire:raw_silver":5,"minecraft:cobblestone":8},"minecraft:killed":{"born_in_chaos_v1:barrel_zombie":2,"minecraft:pig":2,"born_in_chaos_v1:seared_spirit":1,"naturalist:butterfly":1,"minecraft:spider":2,"minecraft:skeleton":1,"born_in_chaos_v1:bloody_gadfly":1,"minecraft:pillager":1,"minecraft:zombie":4,"iceandfire:ghost":1,"born_in_chaos_v1:corpse_fly":7,"minecraft:stray":2,"earthmobsmod:fancy_chicken":3,"born_in_chaos_v1:corpse_fish":2,"undead_revamp2:thespitter":1,"minecraft:cow":4},"minecraft:used":{"minecraft:iron_shovel":4,"minecraft:stone_pickaxe":40,"minecraft:oak_planks":44,"minecraft:iron_sword":165,"minecraft:rotten_flesh":3,"minecraft:torch":26,"minecraft:golden_apple":1,"minecraft:dirt":7,"minecraft:tnt":1,"minecraft:crafting_table":6,"minecraft:carrot":1,"minecraft:white_bed":2,"minecraft:azure_bluet":1,"endrem:rogue_eye":1,"earthmobsmod:duck_egg":1,"minecraft:bread":38,"minecraft:stone_axe":3,"tombstone:gift":1,"quark:oak_chest":1,"minecraft:oak_boat":1,"minecraft:cooked_beef":8,"minecraft:iron_leggings":1},"minecraft:custom":{"minecraft:interact_with_furnace":5,"minecraft:mob_kills":36,"tombstone:raider_killed":1,"minecraft:interact_with_crafting_table":6,"minecraft:bell_ring":2,"minecraft:leave_game":3,"minecraft:time_since_death":34243,"minecraft:climb_one_cm":6037,"minecraft:time_since_rest":32711,"minecraft:damage_absorbed":40,"minecraft:sprint_one_cm":264502,"minecraft:damage_taken":4309,"minecraft:walk_one_cm":315609,"minecraft:trigger_trapped_chest":1,"minecraft:drop":35,"minecraft:damage_dealt":6881,"minecraft:swim_one_cm":37000,"minecraft:fly_one_cm":345771,"minecraft:player_kills":1,"minecraft:open_chest":26,"minecraft:crouch_one_cm":4169,"minecraft:play_time":92283,"tombstone:undead_killed":11,"minecraft:deaths":6,"minecraft:sneak_time":1086,"minecraft:walk_under_water_one_cm":12068,"minecraft:boat_one_cm":69540,"minecraft:jump":1689,"minecraft:walk_on_water_one_cm":36660,"minecraft:total_world_time":92283,"minecraft:fall_one_cm":44999,"minecraft:horse_one_cm":549293},"minecraft:crafted":{"minecraft:cooked_beef":8,"minecraft:oak_planks":20,"minecraft:crafting_table":6,"ecologics:walnut_planks":34,"minecraft:iron_sword":1,"minecraft:bread":37,"minecraft:oak_boat":1,"quark:oak_chest":1,"minecraft:stick":4,"minecraft:stone_pickaxe":1},"minecraft:dropped":{"minecraft:enchanted_book":2,"luminousworld:sunset_petunias":2,"minecraft:sugar_cane":1,"minecraft:wheat_seeds":260,"minecraft:rotten_flesh":10,"tombstone:bag_of_seeds":2,"minecraft:tipped_arrow":2,"tombstone:grave_key":3,"minecraft:wooden_axe":1,"minecraft:seagrass":5,"minecraft:leather_leggings":1,"minecraft:redstone_torch":1,"minecraft:sand":2},"minecraft:killed_by":{"minecraft:skeleton":1},"minecraft:mined":{"minecraft:white_bed":2,"iceandfire:silver_ore":5,"minecraft:torch":5,"minecraft:grass_block":3,"ecologics:walnut_leaves":1,"luminousworld:grassvariant_2":2,"minecraft:tall_grass":5,"minecraft:oak_planks":5,"minecraft:diorite":1,"minecraft:wall_torch":5,"luminousworld:yellow_grassflowers":1,"minecraft:iron_ore":2,"minecraft:wheat":197,"minecraft:tnt":1,"minecraft:grass":12,"minecraft:oak_log":5,"minecraft:coal_ore":22,"minecraft:dirt_path":2,"minecraft:vine":1,"minecraft:iron_bars":6,"minecraft:dirt":3,"minecraft:sand":5,"luminousworld:grassvariant_3":3,"ecologics:walnut_log":8,"minecraft:stone":4,"minecraft:oak_leaves":6}},"DataVersion":3465}