{"stats":{"minecraft:picked_up":{"born_in_chaos_v1:corpse_maggot":7,"minecraft:charcoal":3,"minecraft:seagrass":5,"minecraft:wheat":134,"minecraft:azure_bluet":1,"minecraft:chicken":3,"minecraft:leather":3,"minecraft:oak_log":5,"minecraft:cornflower":8,"minecraft:dirt":8,"minecraft:wheat_seeds":390,"minecraft:raw_gold":1,"earthmobsmod:fancy_feather":2,"minecraft:beef":8,"minecraft:redstone_torch":1,"minecraft:oak_planks":4,"ecologics:walnut_log":1,"minecraft:torch":4,"born_in_chaos_v1:flaming_evil_pumpkin":1,"luminousworld:sunset_petunias":2,"minecraft:sand":2,"tombstone:grave_dust":1,"minecraft:white_bed":2,"minecraft:carrot":1,"minecraft:iron_hoe":1,"minecraft:rotten_flesh":7,"born_in_chaos_v1:fire_dust":6,"minecraft:cherry_sapling":1,"supplementaries:ash":1,"minecraft:coal":22,"iceandfire:raw_silver":5,"minecraft:cobblestone":8},"minecraft:killed":{"born_in_chaos_v1:barrel_zombie":1,"minecraft:pig":2,"born_in_chaos_v1:seared_spirit":1,"naturalist:butterfly":1,"born_in_chaos_v1:bloody_gadfly":1,"minecraft:pillager":1,"minecraft:zombie":3,"iceandfire:ghost":1,"born_in_chaos_v1:corpse_fly":4,"earthmobsmod:fancy_chicken":3,"minecraft:cow":4},"minecraft:used":{"minecraft:stone_pickaxe":32,"minecraft:oak_planks":1,"minecraft:iron_sword":93,"minecraft:rotten_flesh":3,"minecraft:torch":1,"minecraft:dirt":7,"minecraft:crafting_table":5,"minecraft:carrot":1,"minecraft:white_bed":1,"minecraft:azure_bluet":1,"minecraft:bread":26,"minecraft:oak_boat":1},"minecraft:crafted":{"minecraft:oak_planks":20,"minecraft:crafting_table":5,"ecologics:walnut_planks":2,"minecraft:iron_sword":1,"minecraft:bread":37,"minecraft:oak_boat":1,"minecraft:stick":4,"minecraft:stone_pickaxe":1},"minecraft:custom":{"minecraft:interact_with_furnace":3,"minecraft:mob_kills":22,"tombstone:raider_killed":1,"minecraft:interact_with_crafting_table":5,"minecraft:bell_ring":2,"minecraft:leave_game":3,"minecraft:time_since_death":39287,"minecraft:climb_one_cm":5825,"minecraft:time_since_rest":38089,"minecraft:sprint_one_cm":168038,"minecraft:damage_taken":2681,"minecraft:walk_one_cm":198353,"minecraft:trigger_trapped_chest":1,"minecraft:drop":24,"minecraft:damage_dealt":4007,"minecraft:swim_one_cm":20252,"minecraft:fly_one_cm":253677,"minecraft:open_chest":3,"minecraft:crouch_one_cm":705,"minecraft:play_time":56283,"tombstone:undead_killed":5,"minecraft:deaths":5,"minecraft:sneak_time":372,"minecraft:walk_under_water_one_cm":9582,"minecraft:boat_one_cm":69540,"minecraft:jump":1296,"minecraft:walk_on_water_one_cm":23326,"minecraft:total_world_time":56283,"minecraft:fall_one_cm":36030},"minecraft:dropped":{"luminousworld:sunset_petunias":2,"minecraft:wheat_seeds":260,"minecraft:rotten_flesh":4,"tombstone:bag_of_seeds":1,"tombstone:grave_key":3,"minecraft:seagrass":5,"minecraft:redstone_torch":1,"minecraft:sand":2},"minecraft:killed_by":{"minecraft:skeleton":1},"minecraft:mined":{"minecraft:white_bed":2,"iceandfire:silver_ore":5,"minecraft:grass_block":3,"luminousworld:grassvariant_2":1,"minecraft:tall_grass":5,"minecraft:oak_planks":4,"minecraft:diorite":1,"minecraft:wall_torch":3,"luminousworld:yellow_grassflowers":1,"minecraft:wheat":197,"minecraft:grass":11,"minecraft:oak_log":5,"minecraft:coal_ore":22,"minecraft:dirt_path":2,"minecraft:vine":1,"minecraft:dirt":3,"minecraft:sand":5,"luminousworld:grassvariant_3":3,"minecraft:stone":4,"minecraft:oak_leaves":6}},"DataVersion":3465}