{"stats":{"minecraft:picked_up":{"born_in_chaos_v1:corpse_maggot":7,"minecraft:charcoal":3,"minecraft:seagrass":5,"minecraft:wheat":134,"minecraft:azure_bluet":1,"minecraft:chicken":3,"minecraft:leather":3,"minecraft:oak_log":5,"minecraft:cornflower":8,"minecraft:dirt":8,"tombstone:gift":1,"minecraft:iron_leggings":1,"minecraft:bone":3,"minecraft:wheat_seeds":390,"minecraft:raw_gold":1,"earthmobsmod:fancy_feather":2,"minecraft:beef":8,"minecraft:redstone_torch":1,"tombstone:bag_of_seeds":1,"minecraft:iron_sword":1,"minecraft:sugar_cane":1,"minecraft:oak_planks":4,"minecraft:tipped_arrow":2,"minecraft:raw_iron":2,"ecologics:walnut_log":1,"minecraft:torch":6,"born_in_chaos_v1:flaming_evil_pumpkin":1,"luminousworld:sunset_petunias":2,"minecraft:sand":2,"tombstone:grave_dust":1,"minecraft:white_bed":2,"minecraft:carrot":1,"minecraft:prismarine_crystals":4,"minecraft:arrow":2,"minecraft:iron_hoe":1,"minecraft:rotten_flesh":9,"born_in_chaos_v1:fire_dust":6,"minecraft:cherry_sapling":1,"supplementaries:ash":1,"minecraft:iron_bars":4,"minecraft:coal":22,"iceandfire:raw_silver":5,"minecraft:cobblestone":8},"minecraft:killed":{"born_in_chaos_v1:barrel_zombie":2,"minecraft:pig":2,"born_in_chaos_v1:seared_spirit":1,"naturalist:butterfly":1,"minecraft:spider":1,"born_in_chaos_v1:bloody_gadfly":1,"minecraft:pillager":1,"minecraft:zombie":4,"iceandfire:ghost":1,"born_in_chaos_v1:corpse_fly":4,"minecraft:stray":2,"earthmobsmod:fancy_chicken":3,"born_in_chaos_v1:corpse_fish":2,"undead_revamp2:thespitter":1,"minecraft:cow":4},"minecraft:used":{"minecraft:stone_pickaxe":40,"minecraft:oak_planks":1,"minecraft:iron_sword":124,"minecraft:rotten_flesh":3,"minecraft:torch":12,"minecraft:golden_apple":1,"minecraft:dirt":7,"minecraft:crafting_table":5,"minecraft:carrot":1,"minecraft:white_bed":1,"minecraft:azure_bluet":1,"minecraft:bread":35,"minecraft:oak_boat":1,"minecraft:iron_leggings":1},"minecraft:custom":{"minecraft:interact_with_furnace":5,"minecraft:mob_kills":30,"tombstone:raider_killed":1,"minecraft:interact_with_crafting_table":5,"minecraft:bell_ring":2,"minecraft:leave_game":3,"minecraft:time_since_death":10243,"minecraft:climb_one_cm":6037,"minecraft:time_since_rest":8711,"minecraft:damage_absorbed":40,"minecraft:sprint_one_cm":207334,"minecraft:damage_taken":3608,"minecraft:walk_one_cm":237490,"minecraft:trigger_trapped_chest":1,"minecraft:drop":29,"minecraft:damage_dealt":5434,"minecraft:swim_one_cm":27181,"minecraft:fly_one_cm":303710,"minecraft:open_chest":14,"minecraft:crouch_one_cm":718,"minecraft:play_time":68283,"tombstone:undead_killed":10,"minecraft:deaths":6,"minecraft:sneak_time":399,"minecraft:walk_under_water_one_cm":9860,"minecraft:boat_one_cm":69540,"minecraft:jump":1479,"minecraft:walk_on_water_one_cm":28657,"minecraft:total_world_time":68283,"minecraft:fall_one_cm":42044},"minecraft:crafted":{"minecraft:cooked_beef":8,"minecraft:oak_planks":20,"minecraft:crafting_table":5,"ecologics:walnut_planks":2,"minecraft:iron_sword":1,"minecraft:bread":37,"minecraft:oak_boat":1,"minecraft:stick":4,"minecraft:stone_pickaxe":1},"minecraft:dropped":{"luminousworld:sunset_petunias":2,"minecraft:sugar_cane":1,"minecraft:wheat_seeds":260,"minecraft:rotten_flesh":4,"tombstone:bag_of_seeds":2,"minecraft:tipped_arrow":2,"tombstone:grave_key":3,"minecraft:wooden_axe":1,"minecraft:seagrass":5,"minecraft:leather_leggings":1,"minecraft:redstone_torch":1,"minecraft:sand":2},"minecraft:killed_by":{"minecraft:skeleton":1},"minecraft:mined":{"minecraft:white_bed":2,"iceandfire:silver_ore":5,"minecraft:torch":2,"minecraft:grass_block":3,"luminousworld:grassvariant_2":1,"minecraft:tall_grass":5,"minecraft:oak_planks":4,"minecraft:diorite":1,"minecraft:wall_torch":3,"luminousworld:yellow_grassflowers":1,"minecraft:iron_ore":2,"minecraft:wheat":197,"minecraft:grass":11,"minecraft:oak_log":5,"minecraft:coal_ore":22,"minecraft:dirt_path":2,"minecraft:vine":1,"minecraft:iron_bars":6,"minecraft:dirt":3,"minecraft:sand":5,"luminousworld:grassvariant_3":3,"minecraft:stone":4,"minecraft:oak_leaves":6}},"DataVersion":3465}