{"stats":{"minecraft:picked_up":{"born_in_chaos_v1:corpse_maggot":12,"minecraft:charcoal":3,"minecraft:seagrass":5,"minecraft:wheat":134,"minecraft:azure_bluet":1,"minecraft:chicken":3,"minecraft:leather":3,"luminousworld:trout":3,"minecraft:enchanted_book":2,"minecraft:oak_log":5,"minecraft:cornflower":8,"minecraft:dirt":8,"tombstone:gift":1,"minecraft:iron_leggings":1,"minecraft:bone":5,"minecraft:wheat_seeds":391,"earthmobsmod:duck_egg":1,"minecraft:raw_gold":1,"earthmobsmod:fancy_feather":2,"minecraft:beef":8,"minecraft:redstone_torch":1,"tombstone:bag_of_seeds":1,"minecraft:iron_sword":3,"minecraft:sugar_cane":1,"minecraft:oak_planks":5,"duckling:duck_egg":4,"minecraft:iron_boots":1,"minecraft:tipped_arrow":2,"minecraft:raw_iron":2,"ecologics:walnut_log":9,"minecraft:torch":10,"born_in_chaos_v1:flaming_evil_pumpkin":1,"luminousworld:sunset_petunias":2,"minecraft:sand":2,"tombstone:grave_dust":3,"minecraft:white_bed":2,"minecraft:carrot":1,"minecraft:weeping_vines":2,"minecraft:tnt":1,"minecraft:prismarine_crystals":4,"minecraft:arrow":3,"minecraft:iron_hoe":1,"minecraft:rotten_flesh":15,"born_in_chaos_v1:fire_dust":6,"minecraft:cherry_sapling":1,"supplementaries:ash":1,"minecraft:iron_bars":4,"minecraft:coal":22,"iceandfire:raw_silver":5,"minecraft:cobblestone":35},"minecraft:killed":{"born_in_chaos_v1:barrel_zombie":2,"minecraft:pig":2,"born_in_chaos_v1:seared_spirit":1,"naturalist:butterfly":1,"minecraft:spider":3,"luminousworld:trout_fish":3,"minecraft:skeleton":1,"born_in_chaos_v1:bloody_gadfly":1,"minecraft:pillager":1,"minecraft:zombie":4,"iceandfire:ghost":1,"born_in_chaos_v1:corpse_fly":7,"minecraft:stray":3,"earthmobsmod:fancy_chicken":3,"born_in_chaos_v1:corpse_fish":2,"undead_revamp2:thespitter":1,"minecraft:cow":4},"minecraft:broken":{"minecraft:iron_sword":1},"minecraft:used":{"minecraft:iron_shovel":4,"minecraft:stone_pickaxe":67,"minecraft:oak_planks":44,"minecraft:iron_sword":178,"minecraft:cooked_chicken":1,"minecraft:rotten_flesh":3,"minecraft:torch":29,"minecraft:golden_apple":1,"minecraft:dirt":7,"supplementaries:bomb":2,"minecraft:tnt":1,"minecraft:crafting_table":6,"minecraft:carrot":1,"minecraft:white_bed":2,"minecraft:azure_bluet":1,"endrem:rogue_eye":1,"earthmobsmod:duck_egg":1,"minecraft:bread":38,"minecraft:stone_axe":13,"minecraft:furnace":2,"duckling:duck_egg":2,"luminousworld:cooked_trout":2,"tombstone:gift":1,"quark:oak_chest":1,"minecraft:oak_boat":1,"minecraft:cooked_beef":8,"minecraft:iron_leggings":1},"minecraft:custom":{"minecraft:interact_with_furnace":12,"minecraft:mob_kills":41,"tombstone:raider_killed":1,"minecraft:open_barrel":2,"minecraft:interact_with_crafting_table":8,"minecraft:bell_ring":2,"minecraft:leave_game":4,"minecraft:time_since_death":0,"minecraft:climb_one_cm":7336,"minecraft:time_since_rest":0,"minecraft:damage_absorbed":40,"minecraft:sprint_one_cm":307792,"minecraft:damage_taken":4888,"minecraft:walk_one_cm":367582,"minecraft:trigger_trapped_chest":1,"minecraft:drop":37,"minecraft:damage_dealt":7495,"minecraft:swim_one_cm":80682,"minecraft:fly_one_cm":416272,"minecraft:player_kills":1,"minecraft:open_chest":29,"minecraft:crouch_one_cm":4400,"minecraft:play_time":108515,"tombstone:undead_killed":12,"minecraft:deaths":8,"minecraft:sneak_time":1259,"minecraft:walk_under_water_one_cm":18809,"minecraft:boat_one_cm":69540,"minecraft:jump":2000,"minecraft:walk_on_water_one_cm":48643,"minecraft:total_world_time":108515,"minecraft:fall_one_cm":51721,"minecraft:horse_one_cm":549293},"minecraft:crafted":{"minecraft:cooked_beef":8,"minecraft:oak_planks":20,"minecraft:crafting_table":6,"minecraft:cooked_chicken":1,"ecologics:walnut_planks":34,"minecraft:iron_sword":1,"luminousworld:cooked_trout":3,"minecraft:furnace":2,"minecraft:bread":37,"minecraft:air":0,"minecraft:oak_boat":1,"quark:oak_chest":1,"minecraft:stick":4,"minecraft:stone_pickaxe":1},"minecraft:dropped":{"minecraft:enchanted_book":2,"luminousworld:sunset_petunias":2,"minecraft:sugar_cane":1,"minecraft:wheat_seeds":260,"minecraft:rotten_flesh":10,"minecraft:carrot":8,"tombstone:bag_of_seeds":2,"minecraft:tipped_arrow":2,"tombstone:grave_key":3,"born_in_chaos_v1:corpse_maggot":5,"minecraft:wooden_axe":1,"minecraft:seagrass":5,"minecraft:leather_leggings":1,"minecraft:redstone_torch":1,"minecraft:sand":2},"minecraft:killed_by":{"minecraft:skeleton":1},"minecraft:mined":{"minecraft:white_bed":2,"iceandfire:silver_ore":5,"minecraft:torch":6,"minecraft:grass_block":3,"ecologics:walnut_leaves":1,"luminousworld:grassvariant_2":2,"minecraft:tall_grass":5,"minecraft:oak_planks":5,"minecraft:diorite":1,"minecraft:wall_torch":5,"minecraft:weeping_vines_plant":1,"luminousworld:yellow_grassflowers":1,"minecraft:iron_ore":2,"minecraft:wheat":197,"minecraft:tnt":1,"minecraft:grass":13,"minecraft:oak_log":5,"minecraft:coal_ore":22,"minecraft:dirt_path":2,"minecraft:vine":1,"minecraft:iron_bars":6,"minecraft:dirt":3,"minecraft:sand":5,"luminousworld:grassvariant_3":3,"ecologics:walnut_log":8,"minecraft:stone":31,"minecraft:oak_leaves":6}},"DataVersion":3465}