{"stats":{"minecraft:dropped":{"minecraft:iron_ingot":1,"minecraft:bread":16,"iceandfire:raw_silver":2,"minecraft:brown_mushroom":3,"born_in_chaos_v1:shattered_skull":2,"minecraft:birch_planks":17,"minecraft:wheat_seeds":977,"biomesoplenty:pink_daffodil":1,"luminousworld:yellowpetunias":1,"minecraft:lilac":2,"minecraft:golden_pickaxe":2,"biomesoplenty:magic_planks":17,"minecraft:feather":2,"minecraft:cobblestone":13,"minecraft:andesite_wall":1,"luminousworld:creepberries":1,"minecraft:jungle_planks":3,"minecraft:saddle":2,"minecraft:copper_ingot":1,"minecraft:red_mushroom":2,"minecraft:stick":2,"minecraft:dirt":27,"mca:book_romance":1,"minecraft:stone_button":16,"born_in_chaos_v1:monster_skin":4,"minecraft:torch":64,"minecraft:wooden_axe":1,"minecraft:stripped_dark_oak_wood":3,"minecraft:wooden_sword":2,"minecraft:gold_nugget":3,"biomesoplenty:magic_door":2,"minecraft:dark_oak_planks":2,"minecraft:bone":2,"duckling:raw_duck":2,"minecraft:stone_axe":1,"minecraft:sugar_cane":2,"minecraft:stone_sword":1,"minecraft:wheat":35,"minecraft:rotten_flesh":14,"minecraft:iron_boots":1,"luminousworld:grassflowers":1,"born_in_chaos_v1:seedof_chaos":2,"minecraft:allium":1,"luminousworld:groundpebbles_1":2,"minecraft:cake":21,"minecraft:oak_boat":1,"biomesoplenty:blue_hydrangea":2,"minecraft:iron_bars":2,"minecraft:wooden_pickaxe":2},"minecraft:mined":{"minecraft:dark_oak_planks":1,"minecraft:farmland":6,"iceandfire:silver_ore":1,"luminousworld:grassvariant_4":4,"minecraft:cherry_log":62,"minecraft:dark_oak_log":2,"iceandfire:pixie_house_birch":3,"minecraft:allium":2,"biomesoplenty:bush":23,"minecraft:grass_block":33,"minecraft:jungle_log":12,"biomesoplenty:flowering_oak_leaves":2,"iceandfire:pixie_house_oak":1,"luminousworld:grassvariant_2":6,"minecraft:coal_block":6,"minecraft:spawner":5,"minecraft:fire":33,"minecraft:andesite":2,"minecraft:azure_bluet":2,"minecraft:brown_bed":2,"biomesoplenty:magic_log":133,"minecraft:vine":11,"biomesoplenty:glowflower":1,"minecraft:iron_bars":2,"luminousworld:groundpebbles_2":3,"minecraft:stone":27,"minecraft:iron_block":2,"biomesoplenty:magic_door":1,"minecraft:cake":1,"luminousworld:creepbush":2,"minecraft:cherry_planks":16,"born_in_chaos_v1:marigolds":1,"minecraft:stone_brick_slab":2,"minecraft:crafting_table":1,"minecraft:torch":2,"minecraft:melon":1,"supplementaries:wild_flax":1,"minecraft:campfire":1,"minecraft:mushroom_stem":1,"luminousworld:grassflowers":1,"minecraft:tall_grass":6,"minecraft:cobblestone":48,"biomesoplenty:sprout":152,"minecraft:sugar_cane":9,"minecraft:cracked_deepslate_bricks":2,"minecraft:wall_torch":3,"minecraft:seagrass":1,"biomesoplenty:magic_planks":13,"biomesoplenty:magic_leaves":115,"biomesoplenty:blue_hydrangea":3,"minecraft:birch_log":10,"minecraft:wheat":640,"biomesoplenty:pink_daffodil":2,"minecraft:lilac":5,"iceandfire:pixie_house_mushroom_red":1,"iceandfire:ash":1,"minecraft:grass":111,"biomesoplenty:clover":18,"minecraft:oak_log":14,"minecraft:coal_ore":17,"minecraft:cherry_leaves":1,"minecraft:dirt":54,"luminousworld:grassvariant_3":4,"minecraft:cobweb":1,"minecraft:cracked_stone_bricks":3,"minecraft:red_mushroom_block":5,"minecraft:stone_bricks":4,"minecraft:mossy_stone_bricks":1,"minecraft:oak_leaves":9,"minecraft:fern":9},"minecraft:killed_by":{"minecraft:husk":1,"iceandfire:gorgon":2,"iceandfire:lightning_dragon":1},"minecraft:used":{"minecraft:stone_sword":81,"iceandfire:silver_sword":303,"quark:jungle_chest":3,"earthmobsmod:fancy_egg":1,"minecraft:iron_chestplate":1,"minecraft:torch":36,"quark:cherry_chest":2,"minecraft:dirt":42,"minecraft:wooden_axe":17,"minecraft:iron_axe":179,"duckling:duck_egg":10,"minecraft:furnace":1,"undead_revamp2:arapholia":2,"tombstone:gift":3,"minecraft:skeleton_skull":1,"biomesoplenty:magic_leaves":73,"minecraft:brown_bed":2,"minecraft:water_bucket":6,"minecraft:birch_planks":1,"minecraft:stone_pickaxe":72,"minecraft:oak_planks":31,"minecraft:wooden_pickaxe":11,"biomesoplenty:magic_boat":2,"minecraft:cherry_planks":233,"iceandfire:pixie_house_oak":1,"minecraft:jungle_boat":1,"minecraft:crafting_table":4,"biomesoplenty:magic_planks":409,"minecraft:shears":109,"minecraft:cake":1,"luminousworld:creepberries":1,"biomesoplenty:magic_door":4,"minecraft:bread":143,"minecraft:melon_slice":1,"minecraft:iron_pickaxe":80,"tombstone:grave_key":7,"minecraft:stone_axe":120,"minecraft:wooden_sword":21,"minecraft:cobblestone":92,"iceandfire:pixie_house_mushroom_red":1,"iceandfire:pixie_house_birch":3,"minecraft:bucket":7,"minecraft:oak_boat":14,"alexsmobs:animal_dictionary":1,"minecraft:golden_pickaxe":2},"minecraft:picked_up":{"minecraft:wheat":557,"luminousworld:groundpebbles_1":4,"minecraft:crafting_table":1,"minecraft:allium":1,"minecraft:chainmail_boots":1,"iceandfire:pixie_house_oak":1,"born_in_chaos_v1:seedof_chaos":2,"biomesoplenty:magic_leaves":101,"minecraft:wooden_pickaxe":2,"earthmobsmod:fancy_egg":1,"minecraft:brown_bed":2,"biomesoplenty:magic_boat":1,"minecraft:string":2,"minecraft:wooden_sword":1,"iceandfire:ghost_ingot":2,"minecraft:cracked_stone_bricks":3,"minecraft:gold_nugget":14,"minecraft:beef":12,"minecraft:oak_boat":13,"minecraft:coal_block":6,"minecraft:melon_slice":4,"minecraft:sugar_cane":19,"minecraft:egg":1,"duckling:raw_duck":2,"minecraft:iron_boots":2,"born_in_chaos_v1:shattered_skull":2,"minecraft:copper_ingot":1,"minecraft:torch":75,"minecraft:cake":20,"minecraft:cherry_log":62,"minecraft:stone_button":16,"tombstone:grave_dust":1,"minecraft:dark_oak_planks":2,"minecraft:arrow":2,"luminousworld:grassflowers":1,"minecraft:stone_sword":1,"biomesoplenty:blue_hydrangea":3,"minecraft:rotten_flesh":18,"minecraft:iron_block":2,"minecraft:stripped_dark_oak_wood":3,"minecraft:saddle":1,"minecraft:mutton":1,"undead_revamp2:arapholia":3,"minecraft:iron_bars":4,"minecraft:white_wool":1,"minecraft:cobblestone":84,"minecraft:birch_log":10,"biomesoplenty:flowering_oak_leaves":1,"minecraft:feather":4,"minecraft:lilac":3,"minecraft:golden_carrot":1,"minecraft:cherry_planks":19,"minecraft:jungle_log":12,"minecraft:leather":6,"minecraft:red_mushroom":3,"minecraft:oak_log":14,"iceandfire:ectoplasm":7,"minecraft:dirt":80,"iceandfire:pixie_house_mushroom_red":1,"born_in_chaos_v1:monster_skin":4,"born_in_chaos_v1:marigolds":1,"minecraft:bone":3,"minecraft:stone_bricks":4,"minecraft:wheat_seeds":1184,"minecraft:iron_ingot":1,"biomesoplenty:magic_log":130,"duckling:duck_egg":23,"luminousworld:creepberries":2,"iceandfire:ash":1,"minecraft:stone_brick_slab":2,"born_in_chaos_v1:orbofthe_summoner":1,"iceandfire:pixie_house_birch":3,"biomesoplenty:magic_door":3,"minecraft:bundle":1,"iceandfire:silver_sword":2,"born_in_chaos_v1:fire_dust":2,"minecraft:stone_axe":1,"biomesoplenty:magic_planks":36,"luminousworld:yellowpetunias":1,"minecraft:bread":3,"biomesoplenty:pink_daffodil":1,"minecraft:oak_sapling":2,"minecraft:coal":16,"iceandfire:raw_silver":3,"minecraft:golden_pickaxe":1},"minecraft:crafted":{"minecraft:cherry_planks":248,"minecraft:wooden_sword":1,"minecraft:oak_planks":36,"ecologics:walnut_planks":28,"quark:jungle_chest":3,"minecraft:furnace":1,"minecraft:stone_button":8,"minecraft:stone":8,"quark:cherry_chest":2,"minecraft:heavy_weighted_pressure_plate":1,"minecraft:cake":3,"minecraft:iron_axe":2,"biomesoplenty:magic_planks":496,"biomesoplenty:magic_door":6,"minecraft:sugar":10,"minecraft:crafting_table":4,"minecraft:jungle_boat":1,"minecraft:wooden_pickaxe":1,"minecraft:iron_helmet":2,"minecraft:iron_sword":1,"biomesoplenty:magic_boat":1,"minecraft:bucket":6,"minecraft:birch_planks":12,"minecraft:bread":183,"minecraft:air":0,"minecraft:jungle_planks":32,"minecraft:oak_boat":2,"minecraft:iron_chestplate":1,"minecraft:shield":1,"minecraft:stick":40,"minecraft:iron_ingot":18,"minecraft:iron_pickaxe":1,"minecraft:wooden_axe":1,"minecraft:iron_leggings":1,"minecraft:torch":72,"minecraft:shears":2},"minecraft:killed":{"enemyexpansion:direwolf":1,"undead_revamp2:theswarmer":1,"born_in_chaos_v1:baby_skeleton_minion":6,"born_in_chaos_v1:maggot":4,"minecraft:bee":1,"born_in_chaos_v1:corpse_fish":1,"born_in_chaos_v1:firelight_not_despawn":2,"undead_revamp2:thespitter":1,"earthmobsmod:albino_cow":2,"minecraft:husk":1,"born_in_chaos_v1:bonescaller":1,"enemyexpansion:ladybug":1,"undead_revamp2:the_moonflower":1,"enemyexpansion:sprinter":1,"born_in_chaos_v1:decrepit_skeleton":1,"minecraft:sheep":1,"minecraft:pillager":2,"minecraft:zombie":2,"iceandfire:ghost":19,"minecraft:cow":4},"minecraft:broken":{"minecraft:iron_boots":1,"minecraft:iron_chestplate":1,"minecraft:iron_leggings":1,"minecraft:stone_pickaxe":1,"minecraft:iron_helmet":1},"minecraft:custom":{"minecraft:mob_kills":67,"minecraft:interact_with_crafting_table":39,"minecraft:open_barrel":15,"minecraft:damage_dealt_resisted":512,"minecraft:leave_game":7,"minecraft:time_since_death":1840,"minecraft:climb_one_cm":18333,"minecraft:sprint_one_cm":681930,"minecraft:walk_one_cm":908875,"minecraft:drop":130,"minecraft:play_time":334336,"minecraft:sneak_time":2145,"minecraft:deaths":31,"minecraft:walk_under_water_one_cm":55606,"minecraft:boat_one_cm":1349588,"minecraft:jump":5851,"minecraft:walk_on_water_one_cm":107038,"minecraft:total_world_time":334336,"minecraft:interact_with_furnace":5,"tombstone:raider_killed":2,"minecraft:sleep_in_bed":4,"minecraft:time_since_rest":82,"minecraft:damage_taken":2147483647,"minecraft:trigger_trapped_chest":8,"minecraft:damage_dealt":17339,"minecraft:swim_one_cm":164323,"minecraft:fly_one_cm":1154663,"minecraft:open_chest":54,"minecraft:crouch_one_cm":4942,"tombstone:undead_killed":34,"minecraft:fall_one_cm":167513}},"DataVersion":3465}