{"stats":{"minecraft:dropped":{"minecraft:iron_sword":1,"iceandfire:raw_silver":2,"minecraft:birch_planks":17,"minecraft:brown_mushroom":3,"biomesoplenty:pink_daffodil":1,"luminousworld:yellowpetunias":1,"minecraft:oak_log":1,"minecraft:golden_pickaxe":2,"biomesoplenty:magic_planks":17,"minecraft:jungle_planks":3,"minecraft:saddle":2,"minecraft:red_mushroom":2,"minecraft:dirt":27,"tombstone:bag_of_seeds":2,"minecraft:stone_button":16,"born_in_chaos_v1:monster_skin":4,"minecraft:stripped_dark_oak_wood":3,"minecraft:gold_nugget":3,"minecraft:wooden_sword":2,"minecraft:iron_pickaxe":1,"minecraft:dark_oak_planks":2,"minecraft:bone":8,"duckling:raw_duck":2,"minecraft:stone_axe":1,"minecraft:sugar_cane":2,"minecraft:music_disc_otherside":1,"minecraft:wheat":35,"minecraft:obsidian":19,"minecraft:rotten_flesh":15,"supplementaries:ash":3,"luminousworld:grassflowers":1,"born_in_chaos_v1:seedof_chaos":2,"minecraft:beetroot_seeds":4,"minecraft:iron_bars":2,"iceandfire:manuscript":7,"minecraft:purple_carpet":1,"minecraft:iron_ingot":1,"minecraft:bread":16,"minecraft:wheat_seeds":977,"born_in_chaos_v1:shattered_skull":2,"minecraft:lilac":4,"minecraft:andesite_wall":1,"minecraft:feather":2,"minecraft:cobblestone":13,"luminousworld:creepberries":1,"minecraft:copper_ingot":1,"biomesoplenty:jacaranda_planks":2,"minecraft:stick":2,"biomesoplenty:jacaranda_log":1,"illagerinvasion:platinum_chunk":1,"mca:book_romance":1,"minecraft:torch":65,"minecraft:wooden_axe":1,"biomesoplenty:magic_door":2,"minecraft:string":9,"minecraft:blue_terracotta":6,"minecraft:stone_sword":1,"minecraft:iron_boots":1,"minecraft:hay_block":2,"minecraft:allium":1,"aether:iron_gloves":2,"minecraft:iron_chestplate":2,"luminousworld:groundpebbles_1":2,"minecraft:cake":21,"minecraft:oak_boat":1,"biomesoplenty:blue_hydrangea":2,"minecraft:spruce_log":2,"minecraft:wooden_pickaxe":2},"minecraft:mined":{"minecraft:dark_oak_planks":1,"minecraft:farmland":6,"minecraft:cherry_log":62,"minecraft:grass_block":33,"minecraft:jungle_log":12,"biomesoplenty:flowering_oak_leaves":2,"iceandfire:pixie_house_oak":1,"minecraft:coal_block":6,"minecraft:spawner":18,"minecraft:fire":43,"biomesoplenty:lavender":1,"minecraft:azure_bluet":2,"minecraft:brown_bed":2,"biomesoplenty:glowflower":1,"minecraft:iron_bars":16,"minecraft:purple_carpet":1,"minecraft:iron_block":2,"luminousworld:creepbush":2,"biomesoplenty:jacaranda_leaves":2,"minecraft:quartz_block":6,"minecraft:torch":11,"minecraft:melon":1,"supplementaries:wild_flax":1,"minecraft:mushroom_stem":1,"minecraft:cobblestone":50,"minecraft:sugar_cane":9,"minecraft:damaged_anvil":1,"minecraft:wall_torch":9,"minecraft:seagrass":1,"biomesoplenty:magic_planks":13,"biomesoplenty:magic_leaves":115,"minecraft:blue_terracotta":3,"minecraft:birch_log":10,"minecraft:wheat":640,"minecraft:lilac":6,"minecraft:stone_brick_stairs":1,"minecraft:grass":116,"biomesoplenty:clover":18,"minecraft:oak_log":14,"minecraft:dirt":54,"luminousworld:grassvariant_3":4,"minecraft:red_mushroom_block":5,"minecraft:oak_leaves":9,"iceandfire:silver_ore":1,"luminousworld:grassvariant_4":4,"iceandfire:pixie_house_birch":3,"minecraft:dark_oak_log":2,"biomesoplenty:bush":24,"minecraft:allium":2,"luminousworld:grassvariant_2":6,"minecraft:large_fern":1,"minecraft:hay_block":10,"biomesoplenty:jacaranda_log":1,"minecraft:andesite":2,"biomesoplenty:magic_log":133,"minecraft:mossy_stone_brick_stairs":1,"minecraft:vine":11,"luminousworld:groundpebbles_2":3,"minecraft:stone":28,"biomesoplenty:magic_door":1,"minecraft:cake":1,"born_in_chaos_v1:marigolds":1,"minecraft:cherry_planks":16,"minecraft:stone_brick_slab":2,"minecraft:oak_fence":1,"minecraft:crafting_table":1,"minecraft:campfire":1,"luminousworld:grassflowers":1,"minecraft:tall_grass":7,"biomesoplenty:sprout":152,"minecraft:cracked_deepslate_bricks":2,"minecraft:purple_wool":1,"biomesoplenty:blue_hydrangea":3,"biomesoplenty:pink_daffodil":2,"iceandfire:pixie_house_mushroom_red":1,"minecraft:purple_concrete":7,"iceandfire:ash":1,"minecraft:coal_ore":17,"minecraft:cherry_leaves":1,"minecraft:cobweb":2,"minecraft:cracked_stone_bricks":3,"minecraft:stone_bricks":5,"minecraft:mossy_stone_bricks":1,"minecraft:fern":10},"minecraft:killed_by":{"minecraft:husk":1,"iceandfire:gorgon":2,"iceandfire:lightning_dragon":1},"minecraft:used":{"minecraft:shield":30,"minecraft:iron_sword":96,"earthmobsmod:fancy_egg":1,"minecraft:iron_chestplate":1,"quark:cherry_chest":2,"minecraft:obsidian":2,"minecraft:furnace":1,"minecraft:skeleton_skull":1,"minecraft:stone_pickaxe":72,"minecraft:oak_planks":31,"minecraft:wooden_pickaxe":11,"biomesoplenty:magic_boat":2,"iceandfire:pixie_house_oak":1,"minecraft:jungle_boat":1,"biomesoplenty:magic_planks":409,"minecraft:shears":109,"biomesoplenty:jacaranda_planks":3,"luminousworld:creepberries":1,"minecraft:melon_slice":1,"minecraft:bread":169,"tombstone:grave_key":7,"minecraft:lilac":1,"minecraft:wooden_sword":21,"iceandfire:pixie_house_mushroom_red":1,"iceandfire:pixie_house_birch":3,"minecraft:oak_boat":14,"minecraft:golden_pickaxe":2,"minecraft:stone_sword":81,"iceandfire:silver_sword":319,"quark:jungle_chest":3,"minecraft:torch":69,"minecraft:dirt":42,"minecraft:wooden_axe":17,"minecraft:iron_axe":181,"duckling:duck_egg":10,"tombstone:gift":3,"undead_revamp2:arapholia":2,"biomesoplenty:magic_leaves":73,"minecraft:brown_bed":2,"minecraft:water_bucket":8,"minecraft:birch_planks":1,"minecraft:cherry_planks":233,"minecraft:crafting_table":4,"minecraft:cake":1,"tombstone:bag_of_seeds":2,"biomesoplenty:magic_door":4,"minecraft:iron_pickaxe":135,"minecraft:stone_axe":120,"minecraft:cobblestone":92,"minecraft:bucket":8,"alexsmobs:animal_dictionary":1},"minecraft:picked_up":{"minecraft:iron_chestplate":1,"minecraft:wheat":565,"illagerinvasion:platinum_chunk":1,"minecraft:chainmail_boots":1,"biomesoplenty:magic_leaves":101,"aether:iron_gloves":2,"minecraft:brown_bed":2,"earthmobsmod:fancy_egg":1,"minecraft:string":12,"biomesoplenty:magic_boat":1,"minecraft:gold_nugget":14,"minecraft:iron_pickaxe":1,"minecraft:melon_slice":4,"minecraft:coal_block":6,"minecraft:iron_boots":2,"iceandfire:pixie_dust":1,"born_in_chaos_v1:shattered_skull":2,"minecraft:torch":91,"minecraft:cherry_log":62,"tombstone:grave_dust":1,"minecraft:quartz_block":2,"luminousworld:grassflowers":1,"minecraft:stone_sword":1,"minecraft:rotten_flesh":21,"minecraft:iron_block":2,"supplementaries:ash":6,"minecraft:iron_bars":10,"undead_revamp2:arapholia":3,"minecraft:cobblestone":84,"minecraft:birch_log":10,"minecraft:feather":4,"minecraft:lilac":5,"biomesoplenty:flowering_oak_leaves":1,"minecraft:cherry_planks":19,"minecraft:jungle_log":12,"minecraft:dirt":80,"iceandfire:dragonscales_bronze":7,"minecraft:name_tag":1,"born_in_chaos_v1:monster_skin":4,"born_in_chaos_v1:marigolds":1,"minecraft:purple_carpet":1,"minecraft:bone":11,"minecraft:bow":2,"minecraft:wheat_seeds":1187,"tombstone:scroll_of_reach":1,"duckling:duck_egg":23,"luminousworld:creepberries":2,"iceandfire:pixie_house_birch":3,"minecraft:bundle":1,"minecraft:blue_terracotta":6,"born_in_chaos_v1:fire_dust":2,"biomesoplenty:magic_planks":36,"luminousworld:yellowpetunias":1,"minecraft:bread":3,"minecraft:emerald":2,"biomesoplenty:pink_daffodil":1,"minecraft:oak_sapling":2,"iceandfire:raw_silver":3,"luminousworld:groundpebbles_1":4,"minecraft:crafting_table":1,"minecraft:allium":1,"minecraft:purple_wool":1,"iceandfire:pixie_house_oak":1,"minecraft:golden_pickaxe":1,"born_in_chaos_v1:seedof_chaos":2,"minecraft:wooden_pickaxe":2,"minecraft:wooden_sword":1,"iceandfire:ghost_ingot":2,"minecraft:cracked_stone_bricks":3,"minecraft:music_disc_otherside":1,"minecraft:beef":12,"minecraft:oak_boat":13,"minecraft:sugar_cane":19,"duckling:raw_duck":2,"minecraft:egg":1,"minecraft:copper_ingot":1,"minecraft:cake":20,"minecraft:stone_button":16,"luminousworld:beastiary":1,"minecraft:dark_oak_planks":2,"biomesoplenty:blue_hydrangea":3,"minecraft:arrow":5,"biomesoplenty:jacaranda_log":2,"minecraft:beetroot_seeds":4,"minecraft:hay_block":12,"minecraft:stripped_dark_oak_wood":3,"minecraft:saddle":1,"minecraft:gold_ingot":16,"minecraft:mutton":1,"minecraft:white_wool":1,"minecraft:golden_carrot":1,"minecraft:leather":6,"minecraft:red_mushroom":3,"minecraft:oak_log":16,"iceandfire:ectoplasm":7,"biomesoplenty:jacaranda_planks":2,"iceandfire:pixie_house_mushroom_red":1,"minecraft:stone_bricks":4,"minecraft:iron_ingot":1,"biomesoplenty:magic_log":130,"tombstone:bag_of_seeds":3,"minecraft:iron_sword":1,"minecraft:purple_concrete":5,"born_in_chaos_v1:orbofthe_summoner":1,"minecraft:stone_brick_slab":2,"iceandfire:ash":1,"biomesoplenty:magic_door":3,"minecraft:spruce_log":4,"minecraft:stone_axe":1,"iceandfire:silver_sword":2,"minecraft:damaged_anvil":1,"minecraft:coal":16},"minecraft:crafted":{"minecraft:oak_planks":36,"ecologics:walnut_planks":28,"minecraft:stone":8,"quark:cherry_chest":2,"minecraft:heavy_weighted_pressure_plate":1,"minecraft:cake":3,"biomesoplenty:jacaranda_planks":4,"minecraft:crafting_table":4,"minecraft:jungle_boat":1,"minecraft:wooden_pickaxe":1,"minecraft:iron_helmet":2,"minecraft:birch_planks":12,"minecraft:iron_chestplate":1,"minecraft:shield":1,"minecraft:stick":40,"minecraft:iron_ingot":18,"minecraft:iron_pickaxe":1,"minecraft:shears":2,"minecraft:cherry_planks":248,"minecraft:wooden_sword":1,"quark:jungle_chest":3,"minecraft:furnace":1,"minecraft:stone_button":8,"minecraft:iron_axe":2,"biomesoplenty:magic_planks":496,"biomesoplenty:magic_door":6,"minecraft:wheat":64,"minecraft:sugar":10,"minecraft:iron_sword":1,"biomesoplenty:magic_boat":1,"minecraft:bucket":6,"minecraft:bread":207,"minecraft:air":0,"minecraft:jungle_planks":32,"minecraft:oak_boat":2,"minecraft:wooden_axe":1,"minecraft:iron_leggings":1,"minecraft:torch":72},"minecraft:killed":{"minecraft:cave_spider":3,"born_in_chaos_v1:zombie_lumberjack":1,"minecraft:spider":2,"born_in_chaos_v1:baby_skeleton_minion":6,"undead_revamp2:theswarmer":1,"minecraft:skeleton":8,"minecraft:bee":1,"born_in_chaos_v1:firelight_not_despawn":2,"undead_revamp2:thespitter":1,"born_in_chaos_v1:bonescaller":1,"enemyexpansion:ladybug":1,"minecraft:sheep":1,"minecraft:pillager":6,"minecraft:zombie":4,"minecraft:stray":1,"iceandfire:pixie":1,"minecraft:cow":4,"mca:male_zombie_villager":1,"minecraft:vindicator":1,"enemyexpansion:direwolf":1,"born_in_chaos_v1:maggot":7,"born_in_chaos_v1:corpse_fish":1,"earthmobsmod:albino_cow":2,"minecraft:husk":1,"undead_revamp2:the_moonflower":1,"enemyexpansion:sprinter":1,"born_in_chaos_v1:decrepit_skeleton":1,"iceandfire:ghost":19,"minecraft:enderman":1,"enemyexpansion:slugger":1},"minecraft:broken":{"minecraft:iron_boots":1,"minecraft:iron_chestplate":1,"minecraft:iron_leggings":1,"minecraft:stone_pickaxe":1,"minecraft:iron_helmet":1},"minecraft:custom":{"minecraft:interact_with_crafting_table":40,"minecraft:open_barrel":15,"minecraft:leave_game":7,"minecraft:time_since_death":23397,"minecraft:sprint_one_cm":887369,"minecraft:damage_blocked_by_shield":760,"minecraft:drop":162,"minecraft:play_time":376336,"minecraft:deaths":35,"minecraft:jump":6611,"minecraft:walk_on_water_one_cm":112713,"minecraft:interact_with_furnace":5,"minecraft:sleep_in_bed":4,"minecraft:damage_dealt":23122,"minecraft:crouch_one_cm":4944,"tombstone:undead_killed":48,"minecraft:mob_kills":96,"minecraft:damage_dealt_resisted":532,"minecraft:climb_one_cm":18333,"minecraft:walk_one_cm":1060003,"minecraft:sneak_time":2167,"minecraft:walk_under_water_one_cm":58637,"minecraft:boat_one_cm":1349588,"minecraft:total_world_time":376336,"tombstone:raider_killed":7,"minecraft:time_since_rest":23180,"minecraft:damage_taken":2147483647,"minecraft:trigger_trapped_chest":8,"minecraft:swim_one_cm":192287,"minecraft:fly_one_cm":1296587,"minecraft:open_chest":125,"minecraft:fall_one_cm":195317}},"DataVersion":3465}