{"stats":{"minecraft:picked_up":{"minecraft:allium":1,"luminousworld:groundpebbles_1":4,"minecraft:crafting_table":1,"minecraft:wheat":323,"minecraft:chainmail_boots":1,"born_in_chaos_v1:seedof_chaos":2,"iceandfire:pixie_house_oak":1,"minecraft:wooden_pickaxe":2,"earthmobsmod:fancy_egg":1,"minecraft:brown_bed":2,"minecraft:wooden_sword":1,"iceandfire:ghost_ingot":1,"minecraft:beef":9,"minecraft:oak_boat":6,"minecraft:sugar_cane":9,"minecraft:coal_block":6,"duckling:raw_duck":1,"born_in_chaos_v1:shattered_skull":1,"minecraft:copper_ingot":1,"minecraft:torch":2,"minecraft:dark_oak_planks":2,"minecraft:rotten_flesh":2,"luminousworld:grassflowers":1,"minecraft:stone_sword":1,"biomesoplenty:blue_hydrangea":2,"minecraft:stripped_dark_oak_wood":3,"minecraft:saddle":1,"minecraft:cobblestone":33,"minecraft:birch_log":10,"minecraft:feather":2,"minecraft:jungle_log":4,"minecraft:leather":3,"minecraft:oak_log":12,"iceandfire:ectoplasm":5,"minecraft:dirt":47,"iceandfire:pixie_house_mushroom_red":1,"born_in_chaos_v1:marigolds":1,"minecraft:bone":1,"minecraft:wheat_seeds":412,"biomesoplenty:magic_log":55,"duckling:duck_egg":13,"luminousworld:creepberries":1,"iceandfire:pixie_house_birch":2,"born_in_chaos_v1:fire_dust":1,"minecraft:stone_axe":1,"biomesoplenty:magic_planks":1,"luminousworld:yellowpetunias":1,"minecraft:oak_sapling":1,"minecraft:coal":16,"iceandfire:raw_silver":1},"minecraft:killed":{"enemyexpansion:direwolf":1,"born_in_chaos_v1:baby_skeleton_minion":4,"born_in_chaos_v1:maggot":2,"born_in_chaos_v1:corpse_fish":1,"born_in_chaos_v1:firelight_not_despawn":2,"born_in_chaos_v1:bonescaller":1,"born_in_chaos_v1:decrepit_skeleton":1,"minecraft:pillager":2,"minecraft:zombie":1,"iceandfire:ghost":14,"minecraft:cow":4},"minecraft:used":{"minecraft:stone_sword":81,"iceandfire:silver_sword":98,"earthmobsmod:fancy_egg":1,"minecraft:torch":1,"minecraft:dirt":24,"minecraft:wooden_axe":17,"duckling:duck_egg":1,"tombstone:gift":2,"minecraft:skeleton_skull":1,"minecraft:brown_bed":1,"minecraft:birch_planks":1,"minecraft:stone_pickaxe":66,"minecraft:oak_planks":31,"minecraft:wooden_pickaxe":11,"minecraft:crafting_table":3,"biomesoplenty:magic_planks":81,"minecraft:bread":66,"minecraft:stone_axe":104,"minecraft:wooden_sword":21,"minecraft:cobblestone":68,"alexsmobs:animal_dictionary":1,"minecraft:oak_boat":5},"minecraft:custom":{"minecraft:mob_kills":35,"minecraft:interact_with_crafting_table":8,"minecraft:open_barrel":14,"minecraft:damage_dealt_resisted":71,"minecraft:leave_game":7,"minecraft:time_since_death":15369,"minecraft:climb_one_cm":9366,"minecraft:sprint_one_cm":336690,"minecraft:walk_one_cm":379644,"minecraft:drop":66,"minecraft:play_time":146890,"minecraft:deaths":13,"minecraft:sneak_time":924,"minecraft:walk_under_water_one_cm":22404,"minecraft:boat_one_cm":258515,"minecraft:jump":3024,"minecraft:walk_on_water_one_cm":46453,"minecraft:total_world_time":146890,"minecraft:interact_with_furnace":2,"tombstone:raider_killed":2,"minecraft:sleep_in_bed":1,"minecraft:time_since_rest":13921,"minecraft:damage_taken":6757,"minecraft:trigger_trapped_chest":6,"minecraft:damage_dealt":7889,"minecraft:swim_one_cm":89710,"minecraft:fly_one_cm":612219,"minecraft:open_chest":10,"minecraft:crouch_one_cm":2583,"tombstone:undead_killed":21,"minecraft:fall_one_cm":89921},"minecraft:crafted":{"minecraft:wooden_sword":1,"minecraft:oak_planks":28,"ecologics:walnut_planks":28,"biomesoplenty:magic_planks":80,"minecraft:crafting_table":3,"minecraft:wooden_pickaxe":1,"minecraft:birch_planks":12,"minecraft:bread":109,"minecraft:oak_boat":1,"minecraft:stick":8,"minecraft:wooden_axe":1,"minecraft:shears":1},"minecraft:dropped":{"minecraft:bread":13,"born_in_chaos_v1:shattered_skull":1,"minecraft:wheat_seeds":527,"minecraft:brown_mushroom":3,"minecraft:birch_planks":17,"luminousworld:yellowpetunias":1,"minecraft:cobblestone":9,"minecraft:andesite_wall":1,"luminousworld:creepberries":1,"minecraft:saddle":1,"minecraft:copper_ingot":1,"minecraft:dirt":14,"minecraft:wooden_axe":1,"minecraft:stripped_dark_oak_wood":3,"minecraft:wooden_sword":2,"minecraft:gold_nugget":3,"minecraft:dark_oak_planks":2,"minecraft:bone":2,"duckling:raw_duck":1,"minecraft:sugar_cane":2,"minecraft:stone_sword":1,"minecraft:rotten_flesh":10,"luminousworld:grassflowers":1,"born_in_chaos_v1:seedof_chaos":2,"minecraft:allium":1,"luminousworld:groundpebbles_1":2,"minecraft:oak_boat":1,"biomesoplenty:blue_hydrangea":2,"minecraft:wooden_pickaxe":2},"minecraft:killed_by":{"minecraft:husk":1},"minecraft:mined":{"minecraft:dark_oak_planks":1,"minecraft:farmland":6,"iceandfire:silver_ore":1,"luminousworld:grassvariant_4":4,"iceandfire:pixie_house_birch":2,"minecraft:dark_oak_log":2,"minecraft:allium":1,"biomesoplenty:bush":18,"minecraft:grass_block":20,"minecraft:jungle_log":4,"biomesoplenty:flowering_oak_leaves":1,"iceandfire:pixie_house_oak":1,"luminousworld:grassvariant_2":6,"minecraft:coal_block":6,"minecraft:spawner":3,"minecraft:fire":4,"minecraft:andesite":2,"minecraft:azure_bluet":1,"minecraft:brown_bed":2,"biomesoplenty:magic_log":55,"minecraft:vine":6,"luminousworld:groundpebbles_2":3,"minecraft:stone":18,"luminousworld:creepbush":1,"born_in_chaos_v1:marigolds":1,"minecraft:crafting_table":1,"minecraft:torch":1,"minecraft:campfire":1,"minecraft:mushroom_stem":1,"luminousworld:grassflowers":1,"minecraft:cobblestone":19,"minecraft:tall_grass":4,"biomesoplenty:sprout":102,"minecraft:sugar_cane":6,"minecraft:cracked_deepslate_bricks":2,"minecraft:wall_torch":1,"minecraft:seagrass":1,"biomesoplenty:magic_planks":1,"biomesoplenty:magic_leaves":1,"biomesoplenty:blue_hydrangea":2,"minecraft:birch_log":10,"minecraft:wheat":360,"biomesoplenty:pink_daffodil":1,"minecraft:lilac":3,"iceandfire:pixie_house_mushroom_red":1,"minecraft:grass":89,"biomesoplenty:clover":8,"minecraft:coal_ore":17,"minecraft:oak_log":12,"minecraft:dirt":30,"luminousworld:grassvariant_3":4,"minecraft:red_mushroom_block":2,"minecraft:oak_leaves":4,"minecraft:fern":4}},"DataVersion":3465}