{"stats":{"minecraft:picked_up":{"minecraft:allium":1,"luminousworld:groundpebbles_1":4,"minecraft:crafting_table":1,"minecraft:wheat":323,"minecraft:chainmail_boots":1,"born_in_chaos_v1:seedof_chaos":2,"iceandfire:pixie_house_oak":1,"biomesoplenty:magic_leaves":61,"minecraft:wooden_pickaxe":2,"earthmobsmod:fancy_egg":1,"minecraft:brown_bed":2,"minecraft:wooden_sword":1,"iceandfire:ghost_ingot":1,"minecraft:beef":12,"minecraft:oak_boat":11,"minecraft:sugar_cane":9,"minecraft:coal_block":6,"minecraft:iron_boots":1,"duckling:raw_duck":1,"born_in_chaos_v1:shattered_skull":1,"minecraft:copper_ingot":1,"minecraft:torch":66,"minecraft:stone_button":16,"minecraft:cherry_log":42,"minecraft:dark_oak_planks":2,"minecraft:rotten_flesh":6,"luminousworld:grassflowers":1,"minecraft:stone_sword":1,"biomesoplenty:blue_hydrangea":2,"minecraft:stripped_dark_oak_wood":3,"minecraft:saddle":1,"minecraft:mutton":1,"minecraft:white_wool":1,"minecraft:cobblestone":82,"minecraft:birch_log":10,"minecraft:feather":2,"minecraft:lilac":2,"minecraft:golden_carrot":1,"minecraft:cherry_planks":15,"minecraft:jungle_log":12,"minecraft:leather":6,"minecraft:red_mushroom":2,"minecraft:oak_log":14,"iceandfire:ectoplasm":5,"minecraft:dirt":64,"iceandfire:pixie_house_mushroom_red":1,"born_in_chaos_v1:marigolds":1,"minecraft:bone":1,"minecraft:wheat_seeds":415,"minecraft:iron_ingot":1,"biomesoplenty:magic_log":81,"duckling:duck_egg":14,"luminousworld:creepberries":1,"iceandfire:pixie_house_birch":2,"biomesoplenty:magic_door":2,"minecraft:bundle":1,"born_in_chaos_v1:fire_dust":1,"minecraft:stone_axe":1,"biomesoplenty:magic_planks":25,"luminousworld:yellowpetunias":1,"biomesoplenty:pink_daffodil":1,"minecraft:oak_sapling":1,"minecraft:coal":16,"iceandfire:raw_silver":3},"minecraft:killed":{"enemyexpansion:direwolf":1,"born_in_chaos_v1:baby_skeleton_minion":4,"born_in_chaos_v1:maggot":4,"born_in_chaos_v1:corpse_fish":1,"born_in_chaos_v1:firelight_not_despawn":2,"earthmobsmod:albino_cow":2,"minecraft:husk":1,"born_in_chaos_v1:bonescaller":1,"born_in_chaos_v1:decrepit_skeleton":1,"minecraft:sheep":1,"minecraft:pillager":2,"minecraft:zombie":1,"iceandfire:ghost":14,"minecraft:cow":4},"minecraft:broken":{"minecraft:stone_pickaxe":1},"minecraft:used":{"minecraft:stone_sword":81,"iceandfire:silver_sword":145,"quark:jungle_chest":3,"earthmobsmod:fancy_egg":1,"minecraft:torch":9,"minecraft:dirt":27,"minecraft:wooden_axe":17,"minecraft:iron_axe":99,"minecraft:furnace":1,"duckling:duck_egg":7,"tombstone:gift":2,"minecraft:skeleton_skull":1,"biomesoplenty:magic_leaves":51,"minecraft:brown_bed":2,"minecraft:birch_planks":1,"minecraft:stone_pickaxe":72,"minecraft:oak_planks":31,"minecraft:wooden_pickaxe":11,"minecraft:cherry_planks":171,"iceandfire:pixie_house_oak":1,"minecraft:crafting_table":4,"biomesoplenty:magic_planks":285,"minecraft:shears":63,"biomesoplenty:magic_door":2,"minecraft:bread":88,"minecraft:iron_pickaxe":34,"minecraft:stone_axe":120,"minecraft:wooden_sword":21,"iceandfire:pixie_house_mushroom_red":1,"minecraft:cobblestone":92,"iceandfire:pixie_house_birch":2,"alexsmobs:animal_dictionary":1,"minecraft:oak_boat":10},"minecraft:custom":{"minecraft:mob_kills":45,"minecraft:interact_with_crafting_table":21,"minecraft:open_barrel":14,"minecraft:damage_dealt_resisted":71,"minecraft:leave_game":7,"minecraft:time_since_death":5629,"minecraft:climb_one_cm":9679,"minecraft:sprint_one_cm":413291,"minecraft:walk_one_cm":546263,"minecraft:drop":91,"minecraft:play_time":200890,"minecraft:deaths":14,"minecraft:sneak_time":954,"minecraft:walk_under_water_one_cm":30723,"minecraft:boat_one_cm":404160,"minecraft:jump":3737,"minecraft:walk_on_water_one_cm":56694,"minecraft:total_world_time":200890,"minecraft:interact_with_furnace":5,"tombstone:raider_killed":2,"minecraft:sleep_in_bed":3,"minecraft:time_since_rest":5576,"minecraft:damage_taken":8092,"minecraft:trigger_trapped_chest":6,"minecraft:damage_dealt":10073,"minecraft:swim_one_cm":101576,"minecraft:fly_one_cm":712936,"minecraft:open_chest":20,"minecraft:crouch_one_cm":2731,"tombstone:undead_killed":22,"minecraft:fall_one_cm":110186},"minecraft:crafted":{"minecraft:cherry_planks":168,"minecraft:wooden_sword":1,"minecraft:oak_planks":36,"ecologics:walnut_planks":28,"quark:jungle_chest":3,"minecraft:furnace":1,"minecraft:stone_button":8,"minecraft:stone":8,"minecraft:heavy_weighted_pressure_plate":1,"minecraft:iron_axe":1,"biomesoplenty:magic_planks":308,"biomesoplenty:magic_door":3,"minecraft:crafting_table":4,"minecraft:wooden_pickaxe":1,"minecraft:iron_helmet":1,"minecraft:birch_planks":12,"minecraft:air":0,"minecraft:bread":109,"minecraft:jungle_planks":32,"minecraft:oak_boat":2,"minecraft:stick":32,"minecraft:iron_pickaxe":1,"minecraft:wooden_axe":1,"minecraft:iron_leggings":1,"minecraft:torch":72,"minecraft:shears":1},"minecraft:dropped":{"minecraft:iron_ingot":1,"iceandfire:raw_silver":2,"minecraft:bread":13,"born_in_chaos_v1:shattered_skull":1,"minecraft:wheat_seeds":530,"minecraft:brown_mushroom":3,"minecraft:birch_planks":17,"biomesoplenty:pink_daffodil":1,"luminousworld:yellowpetunias":1,"minecraft:lilac":2,"biomesoplenty:magic_planks":17,"minecraft:cobblestone":13,"minecraft:andesite_wall":1,"luminousworld:creepberries":1,"minecraft:saddle":2,"minecraft:copper_ingot":1,"minecraft:red_mushroom":2,"minecraft:stick":2,"minecraft:dirt":27,"mca:book_romance":1,"minecraft:stone_button":16,"minecraft:torch":64,"minecraft:wooden_axe":1,"minecraft:stripped_dark_oak_wood":3,"minecraft:wooden_sword":2,"minecraft:gold_nugget":3,"biomesoplenty:magic_door":2,"minecraft:dark_oak_planks":2,"minecraft:bone":2,"duckling:raw_duck":1,"minecraft:stone_axe":1,"minecraft:sugar_cane":2,"minecraft:stone_sword":1,"minecraft:wheat":35,"minecraft:rotten_flesh":14,"minecraft:iron_boots":1,"luminousworld:grassflowers":1,"born_in_chaos_v1:seedof_chaos":2,"minecraft:allium":1,"luminousworld:groundpebbles_1":2,"minecraft:oak_boat":1,"biomesoplenty:blue_hydrangea":2,"minecraft:wooden_pickaxe":2},"minecraft:killed_by":{"minecraft:husk":1,"iceandfire:lightning_dragon":1},"minecraft:mined":{"minecraft:dark_oak_planks":1,"minecraft:farmland":6,"iceandfire:silver_ore":1,"luminousworld:grassvariant_4":4,"minecraft:cherry_log":42,"iceandfire:pixie_house_birch":2,"minecraft:dark_oak_log":2,"minecraft:allium":1,"biomesoplenty:bush":22,"minecraft:grass_block":27,"minecraft:jungle_log":12,"biomesoplenty:flowering_oak_leaves":1,"iceandfire:pixie_house_oak":1,"luminousworld:grassvariant_2":6,"minecraft:coal_block":6,"minecraft:spawner":3,"minecraft:fire":4,"minecraft:andesite":2,"minecraft:azure_bluet":2,"minecraft:brown_bed":2,"biomesoplenty:magic_log":84,"minecraft:vine":10,"biomesoplenty:glowflower":1,"luminousworld:groundpebbles_2":3,"minecraft:stone":27,"luminousworld:creepbush":1,"minecraft:cherry_planks":15,"born_in_chaos_v1:marigolds":1,"minecraft:crafting_table":1,"minecraft:torch":1,"minecraft:campfire":1,"minecraft:mushroom_stem":1,"luminousworld:grassflowers":1,"minecraft:cobblestone":48,"minecraft:tall_grass":6,"biomesoplenty:sprout":134,"minecraft:sugar_cane":6,"minecraft:cracked_deepslate_bricks":2,"minecraft:wall_torch":1,"minecraft:seagrass":1,"biomesoplenty:magic_planks":9,"biomesoplenty:magic_leaves":69,"biomesoplenty:blue_hydrangea":2,"minecraft:birch_log":10,"minecraft:wheat":360,"biomesoplenty:pink_daffodil":2,"minecraft:lilac":5,"iceandfire:pixie_house_mushroom_red":1,"minecraft:grass":105,"biomesoplenty:clover":14,"minecraft:coal_ore":17,"minecraft:oak_log":14,"minecraft:cherry_leaves":1,"minecraft:dirt":44,"luminousworld:grassvariant_3":4,"minecraft:red_mushroom_block":5,"minecraft:oak_leaves":9,"minecraft:fern":5}},"DataVersion":3465}