{"stats":{"minecraft:picked_up":{"minecraft:birch_log":10,"minecraft:wheat":98,"luminousworld:groundpebbles_1":4,"minecraft:crafting_table":1,"minecraft:allium":1,"minecraft:feather":2,"minecraft:jungle_log":4,"iceandfire:pixie_house_oak":1,"minecraft:leather":3,"minecraft:brown_bed":1,"minecraft:wooden_pickaxe":2,"earthmobsmod:fancy_egg":1,"minecraft:oak_log":10,"iceandfire:ectoplasm":4,"minecraft:dirt":14,"iceandfire:pixie_house_mushroom_red":1,"minecraft:wooden_sword":1,"born_in_chaos_v1:marigolds":1,"iceandfire:ghost_ingot":1,"minecraft:wheat_seeds":297,"minecraft:beef":9,"minecraft:oak_boat":1,"biomesoplenty:magic_log":55,"minecraft:sugar_cane":9,"duckling:raw_duck":1,"luminousworld:creepberries":1,"minecraft:torch":1,"iceandfire:pixie_house_birch":2,"luminousworld:grassflowers":1,"minecraft:stone_sword":1,"biomesoplenty:blue_hydrangea":2,"minecraft:rotten_flesh":2,"born_in_chaos_v1:fire_dust":1,"biomesoplenty:magic_planks":1,"luminousworld:yellowpetunias":1,"minecraft:saddle":1,"minecraft:oak_sapling":1,"minecraft:coal":16,"minecraft:cobblestone":28},"minecraft:killed":{"born_in_chaos_v1:maggot":2,"minecraft:zombie":1,"iceandfire:ghost":11,"born_in_chaos_v1:firelight_not_despawn":2,"minecraft:cow":4},"minecraft:used":{"iceandfire:silver_sword":26,"minecraft:stone_sword":81,"minecraft:birch_planks":1,"minecraft:stone_pickaxe":47,"minecraft:wooden_pickaxe":11,"earthmobsmod:fancy_egg":1,"minecraft:dirt":5,"minecraft:crafting_table":2,"biomesoplenty:magic_planks":81,"minecraft:wooden_axe":17,"minecraft:bread":47,"minecraft:stone_axe":96,"minecraft:wooden_sword":21,"minecraft:cobblestone":8,"minecraft:skeleton_skull":1,"minecraft:oak_boat":2,"tombstone:gift":2,"alexsmobs:animal_dictionary":1,"minecraft:brown_bed":1},"minecraft:crafted":{"minecraft:wooden_sword":1,"minecraft:oak_planks":8,"minecraft:crafting_table":2,"minecraft:wooden_pickaxe":1,"ecologics:walnut_planks":28,"minecraft:birch_planks":12,"minecraft:bread":45,"minecraft:oak_boat":1,"minecraft:stick":8,"biomesoplenty:magic_planks":80,"minecraft:wooden_axe":1},"minecraft:custom":{"minecraft:interact_with_furnace":2,"minecraft:mob_kills":20,"minecraft:interact_with_crafting_table":7,"minecraft:open_barrel":4,"minecraft:damage_dealt_resisted":20,"minecraft:leave_game":7,"minecraft:time_since_death":5451,"minecraft:sleep_in_bed":1,"minecraft:climb_one_cm":8914,"minecraft:time_since_rest":4022,"minecraft:sprint_one_cm":266402,"minecraft:damage_taken":4711,"minecraft:walk_one_cm":285392,"minecraft:trigger_trapped_chest":6,"minecraft:drop":42,"minecraft:damage_dealt":4824,"minecraft:swim_one_cm":79069,"minecraft:fly_one_cm":528237,"minecraft:open_chest":7,"minecraft:play_time":110890,"minecraft:crouch_one_cm":59,"tombstone:undead_killed":12,"minecraft:deaths":10,"minecraft:sneak_time":280,"minecraft:walk_under_water_one_cm":16797,"minecraft:boat_one_cm":51345,"minecraft:jump":2417,"minecraft:walk_on_water_one_cm":35084,"minecraft:total_world_time":110890,"minecraft:fall_one_cm":72212},"minecraft:dropped":{"minecraft:bread":13,"minecraft:sugar_cane":2,"minecraft:brown_mushroom":3,"minecraft:wheat_seeds":409,"luminousworld:yellowpetunias":1,"minecraft:stone_sword":1,"minecraft:andesite_wall":1,"minecraft:rotten_flesh":10,"luminousworld:creepberries":1,"minecraft:saddle":1,"luminousworld:grassflowers":1,"minecraft:allium":1,"luminousworld:groundpebbles_1":2,"minecraft:wooden_axe":1,"biomesoplenty:blue_hydrangea":2,"minecraft:wooden_sword":2,"minecraft:wooden_pickaxe":2},"minecraft:mined":{"born_in_chaos_v1:marigolds":1,"luminousworld:grassvariant_4":1,"minecraft:dark_oak_log":2,"iceandfire:pixie_house_birch":2,"minecraft:crafting_table":1,"minecraft:torch":1,"biomesoplenty:bush":13,"minecraft:allium":1,"minecraft:grass_block":16,"minecraft:jungle_log":4,"biomesoplenty:flowering_oak_leaves":1,"iceandfire:pixie_house_oak":1,"luminousworld:grassvariant_2":6,"luminousworld:grassflowers":1,"minecraft:tall_grass":4,"minecraft:cobblestone":14,"biomesoplenty:sprout":12,"minecraft:sugar_cane":6,"minecraft:spawner":3,"biomesoplenty:magic_planks":1,"biomesoplenty:magic_leaves":1,"biomesoplenty:blue_hydrangea":2,"minecraft:birch_log":10,"minecraft:wheat":104,"minecraft:andesite":2,"iceandfire:pixie_house_mushroom_red":1,"minecraft:azure_bluet":1,"minecraft:brown_bed":1,"biomesoplenty:magic_log":54,"minecraft:vine":6,"minecraft:grass":50,"minecraft:oak_log":10,"minecraft:coal_ore":17,"minecraft:dirt":8,"luminousworld:grassvariant_3":2,"luminousworld:groundpebbles_2":2,"minecraft:stone":18,"minecraft:oak_leaves":3,"minecraft:fern":4,"luminousworld:creepbush":1}},"DataVersion":3465}