{"stats":{"minecraft:picked_up":{"minecraft:birch_log":10,"minecraft:wheat":313,"luminousworld:groundpebbles_1":4,"minecraft:crafting_table":1,"minecraft:allium":1,"minecraft:feather":2,"minecraft:jungle_log":4,"iceandfire:pixie_house_oak":1,"minecraft:leather":3,"minecraft:brown_bed":2,"minecraft:wooden_pickaxe":2,"earthmobsmod:fancy_egg":1,"minecraft:oak_log":12,"iceandfire:ectoplasm":5,"minecraft:dirt":14,"iceandfire:pixie_house_mushroom_red":1,"minecraft:wooden_sword":1,"born_in_chaos_v1:marigolds":1,"minecraft:bone":1,"iceandfire:ghost_ingot":1,"minecraft:wheat_seeds":376,"minecraft:beef":9,"minecraft:oak_boat":4,"biomesoplenty:magic_log":55,"minecraft:coal_block":6,"minecraft:sugar_cane":9,"duckling:duck_egg":7,"duckling:raw_duck":1,"luminousworld:creepberries":1,"minecraft:copper_ingot":1,"minecraft:torch":2,"iceandfire:pixie_house_birch":2,"luminousworld:grassflowers":1,"minecraft:stone_sword":1,"biomesoplenty:blue_hydrangea":2,"minecraft:rotten_flesh":2,"born_in_chaos_v1:fire_dust":1,"biomesoplenty:magic_planks":1,"luminousworld:yellowpetunias":1,"minecraft:saddle":1,"minecraft:oak_sapling":1,"iceandfire:raw_silver":1,"minecraft:coal":16,"minecraft:cobblestone":28},"minecraft:killed":{"enemyexpansion:direwolf":1,"born_in_chaos_v1:maggot":2,"minecraft:pillager":1,"minecraft:zombie":1,"iceandfire:ghost":12,"born_in_chaos_v1:firelight_not_despawn":2,"minecraft:cow":4},"minecraft:used":{"iceandfire:silver_sword":38,"minecraft:stone_sword":81,"minecraft:birch_planks":1,"minecraft:stone_pickaxe":59,"minecraft:oak_planks":14,"minecraft:wooden_pickaxe":11,"earthmobsmod:fancy_egg":1,"minecraft:dirt":5,"minecraft:crafting_table":3,"biomesoplenty:magic_planks":81,"minecraft:wooden_axe":17,"minecraft:bread":54,"minecraft:stone_axe":102,"minecraft:wooden_sword":21,"minecraft:cobblestone":8,"duckling:duck_egg":1,"minecraft:skeleton_skull":1,"minecraft:oak_boat":4,"tombstone:gift":2,"alexsmobs:animal_dictionary":1,"minecraft:brown_bed":1},"minecraft:crafted":{"minecraft:wooden_sword":1,"minecraft:oak_planks":28,"minecraft:crafting_table":3,"minecraft:wooden_pickaxe":1,"ecologics:walnut_planks":28,"minecraft:birch_planks":12,"minecraft:bread":109,"minecraft:oak_boat":1,"minecraft:stick":8,"biomesoplenty:magic_planks":80,"minecraft:wooden_axe":1},"minecraft:custom":{"minecraft:interact_with_furnace":2,"minecraft:mob_kills":23,"tombstone:raider_killed":1,"minecraft:interact_with_crafting_table":8,"minecraft:open_barrel":7,"minecraft:damage_dealt_resisted":20,"minecraft:leave_game":7,"minecraft:time_since_death":17451,"minecraft:sleep_in_bed":1,"minecraft:climb_one_cm":8914,"minecraft:time_since_rest":16022,"minecraft:sprint_one_cm":304322,"minecraft:damage_taken":5008,"minecraft:walk_one_cm":321560,"minecraft:trigger_trapped_chest":6,"minecraft:drop":54,"minecraft:damage_dealt":5396,"minecraft:swim_one_cm":81493,"minecraft:fly_one_cm":558585,"minecraft:open_chest":7,"minecraft:play_time":122890,"minecraft:crouch_one_cm":622,"tombstone:undead_killed":13,"minecraft:deaths":10,"minecraft:sneak_time":410,"minecraft:walk_under_water_one_cm":17632,"minecraft:boat_one_cm":159165,"minecraft:jump":2643,"minecraft:walk_on_water_one_cm":39234,"minecraft:total_world_time":122890,"minecraft:fall_one_cm":77865},"minecraft:dropped":{"duckling:raw_duck":1,"minecraft:bread":13,"minecraft:birch_planks":17,"minecraft:sugar_cane":2,"minecraft:brown_mushroom":3,"minecraft:wheat_seeds":491,"luminousworld:yellowpetunias":1,"minecraft:stone_sword":1,"minecraft:andesite_wall":1,"minecraft:rotten_flesh":10,"luminousworld:creepberries":1,"minecraft:saddle":1,"minecraft:copper_ingot":1,"luminousworld:grassflowers":1,"minecraft:allium":1,"luminousworld:groundpebbles_1":2,"minecraft:wooden_axe":1,"minecraft:gold_nugget":3,"biomesoplenty:blue_hydrangea":2,"minecraft:wooden_sword":2,"minecraft:wooden_pickaxe":2,"minecraft:bone":2},"minecraft:mined":{"iceandfire:silver_ore":1,"born_in_chaos_v1:marigolds":1,"luminousworld:grassvariant_4":1,"minecraft:dark_oak_log":2,"iceandfire:pixie_house_birch":2,"minecraft:crafting_table":1,"minecraft:torch":1,"biomesoplenty:bush":13,"minecraft:allium":1,"minecraft:grass_block":16,"minecraft:jungle_log":4,"biomesoplenty:flowering_oak_leaves":1,"minecraft:coal_block":6,"iceandfire:pixie_house_oak":1,"luminousworld:grassvariant_2":6,"luminousworld:grassflowers":1,"minecraft:tall_grass":4,"minecraft:cobblestone":14,"biomesoplenty:sprout":12,"minecraft:sugar_cane":6,"minecraft:wall_torch":1,"minecraft:spawner":3,"minecraft:seagrass":1,"biomesoplenty:magic_planks":1,"biomesoplenty:magic_leaves":1,"biomesoplenty:blue_hydrangea":2,"minecraft:birch_log":10,"minecraft:fire":4,"minecraft:wheat":355,"minecraft:andesite":2,"iceandfire:pixie_house_mushroom_red":1,"minecraft:azure_bluet":1,"minecraft:brown_bed":2,"biomesoplenty:magic_log":55,"minecraft:vine":6,"minecraft:grass":52,"minecraft:oak_log":12,"minecraft:coal_ore":17,"minecraft:dirt":8,"luminousworld:grassvariant_3":3,"luminousworld:groundpebbles_2":2,"minecraft:stone":18,"minecraft:oak_leaves":4,"minecraft:fern":4,"luminousworld:creepbush":1}},"DataVersion":3465}