{"stats":{"minecraft:picked_up":{"minecraft:birch_log":10,"minecraft:wheat":98,"luminousworld:groundpebbles_1":2,"minecraft:crafting_table":1,"minecraft:allium":1,"minecraft:feather":2,"iceandfire:pixie_house_oak":1,"minecraft:leather":3,"minecraft:wooden_pickaxe":2,"earthmobsmod:fancy_egg":1,"minecraft:oak_log":7,"iceandfire:ectoplasm":4,"minecraft:dirt":14,"iceandfire:pixie_house_mushroom_red":1,"minecraft:wooden_sword":1,"born_in_chaos_v1:marigolds":1,"iceandfire:ghost_ingot":1,"minecraft:wheat_seeds":296,"minecraft:beef":9,"biomesoplenty:magic_log":20,"minecraft:sugar_cane":2,"duckling:raw_duck":1,"luminousworld:creepberries":1,"iceandfire:pixie_house_birch":2,"luminousworld:grassflowers":1,"minecraft:stone_sword":1,"biomesoplenty:blue_hydrangea":2,"minecraft:rotten_flesh":2,"born_in_chaos_v1:fire_dust":1,"luminousworld:yellowpetunias":1,"minecraft:oak_sapling":1,"minecraft:coal":16,"minecraft:cobblestone":22},"minecraft:killed":{"born_in_chaos_v1:maggot":2,"minecraft:zombie":1,"iceandfire:ghost":6,"born_in_chaos_v1:firelight_not_despawn":2,"minecraft:cow":4},"minecraft:custom":{"minecraft:mob_kills":15,"minecraft:interact_with_crafting_table":6,"minecraft:open_barrel":4,"minecraft:damage_dealt_resisted":20,"minecraft:leave_game":7,"minecraft:time_since_death":5770,"minecraft:climb_one_cm":7740,"minecraft:time_since_rest":3371,"minecraft:sprint_one_cm":187129,"minecraft:damage_taken":2941,"minecraft:walk_one_cm":201210,"minecraft:trigger_trapped_chest":1,"minecraft:drop":35,"minecraft:damage_dealt":3231,"minecraft:swim_one_cm":22493,"minecraft:fly_one_cm":388688,"minecraft:open_chest":3,"minecraft:play_time":74890,"minecraft:crouch_one_cm":39,"tombstone:undead_killed":7,"minecraft:deaths":6,"minecraft:sneak_time":260,"minecraft:walk_under_water_one_cm":8452,"minecraft:jump":1775,"minecraft:walk_on_water_one_cm":11676,"minecraft:total_world_time":74890,"minecraft:fall_one_cm":56998},"minecraft:used":{"minecraft:stone_sword":77,"minecraft:birch_planks":1,"minecraft:stone_pickaxe":35,"minecraft:wooden_pickaxe":11,"earthmobsmod:fancy_egg":1,"minecraft:dirt":5,"minecraft:crafting_table":1,"minecraft:wooden_axe":17,"minecraft:bread":32,"minecraft:stone_axe":43,"minecraft:wooden_sword":21,"minecraft:cobblestone":2,"tombstone:gift":2,"alexsmobs:animal_dictionary":1},"minecraft:crafted":{"minecraft:wooden_sword":1,"minecraft:oak_planks":8,"minecraft:crafting_table":1,"minecraft:wooden_pickaxe":1,"minecraft:birch_planks":12,"minecraft:bread":45,"minecraft:stick":8,"minecraft:wooden_axe":1},"minecraft:dropped":{"minecraft:bread":13,"minecraft:sugar_cane":2,"minecraft:brown_mushroom":3,"minecraft:wheat_seeds":216,"luminousworld:yellowpetunias":1,"minecraft:stone_sword":1,"minecraft:andesite_wall":1,"minecraft:rotten_flesh":9,"luminousworld:creepberries":1,"luminousworld:grassflowers":1,"minecraft:allium":1,"minecraft:wooden_axe":1,"biomesoplenty:blue_hydrangea":2,"minecraft:wooden_sword":2,"minecraft:wooden_pickaxe":2},"minecraft:mined":{"born_in_chaos_v1:marigolds":1,"luminousworld:grassvariant_4":1,"minecraft:dark_oak_log":2,"iceandfire:pixie_house_birch":2,"minecraft:crafting_table":1,"biomesoplenty:bush":11,"minecraft:allium":1,"minecraft:grass_block":16,"iceandfire:pixie_house_oak":1,"luminousworld:grassvariant_2":6,"luminousworld:grassflowers":1,"minecraft:tall_grass":4,"minecraft:cobblestone":6,"biomesoplenty:sprout":6,"minecraft:sugar_cane":1,"minecraft:spawner":3,"biomesoplenty:magic_leaves":1,"biomesoplenty:blue_hydrangea":2,"minecraft:birch_log":10,"minecraft:wheat":104,"iceandfire:pixie_house_mushroom_red":1,"minecraft:azure_bluet":1,"biomesoplenty:magic_log":20,"minecraft:vine":1,"minecraft:grass":31,"minecraft:oak_log":7,"minecraft:coal_ore":17,"minecraft:dirt":8,"luminousworld:grassvariant_3":2,"luminousworld:groundpebbles_2":2,"minecraft:stone":17,"minecraft:oak_leaves":2,"minecraft:fern":1,"luminousworld:creepbush":1}},"DataVersion":3465}