{"stats":{"minecraft:dropped":{"minecraft:iron_ingot":1,"minecraft:bread":15,"iceandfire:raw_silver":2,"minecraft:brown_mushroom":3,"born_in_chaos_v1:shattered_skull":1,"minecraft:birch_planks":17,"minecraft:wheat_seeds":530,"biomesoplenty:pink_daffodil":1,"luminousworld:yellowpetunias":1,"minecraft:lilac":2,"biomesoplenty:magic_planks":17,"minecraft:cobblestone":13,"minecraft:andesite_wall":1,"luminousworld:creepberries":1,"minecraft:saddle":2,"minecraft:copper_ingot":1,"minecraft:red_mushroom":2,"minecraft:stick":2,"minecraft:dirt":27,"mca:book_romance":1,"minecraft:stone_button":16,"minecraft:torch":64,"minecraft:wooden_axe":1,"minecraft:stripped_dark_oak_wood":3,"minecraft:wooden_sword":2,"minecraft:gold_nugget":3,"biomesoplenty:magic_door":2,"minecraft:dark_oak_planks":2,"minecraft:bone":2,"duckling:raw_duck":1,"minecraft:stone_axe":1,"minecraft:sugar_cane":2,"minecraft:stone_sword":1,"minecraft:wheat":35,"minecraft:rotten_flesh":14,"minecraft:iron_boots":1,"luminousworld:grassflowers":1,"born_in_chaos_v1:seedof_chaos":2,"minecraft:allium":1,"luminousworld:groundpebbles_1":2,"minecraft:oak_boat":1,"biomesoplenty:blue_hydrangea":2,"minecraft:wooden_pickaxe":2},"minecraft:mined":{"minecraft:dark_oak_planks":1,"minecraft:farmland":6,"iceandfire:silver_ore":1,"luminousworld:grassvariant_4":4,"minecraft:cherry_log":42,"minecraft:dark_oak_log":2,"iceandfire:pixie_house_birch":2,"minecraft:allium":1,"biomesoplenty:bush":23,"minecraft:grass_block":28,"minecraft:jungle_log":12,"biomesoplenty:flowering_oak_leaves":1,"iceandfire:pixie_house_oak":1,"luminousworld:grassvariant_2":6,"minecraft:coal_block":6,"minecraft:spawner":3,"minecraft:fire":31,"minecraft:andesite":2,"minecraft:azure_bluet":2,"minecraft:brown_bed":2,"biomesoplenty:magic_log":109,"minecraft:vine":10,"biomesoplenty:glowflower":1,"luminousworld:groundpebbles_2":3,"minecraft:stone":27,"luminousworld:creepbush":1,"minecraft:cherry_planks":16,"born_in_chaos_v1:marigolds":1,"minecraft:stone_brick_slab":2,"minecraft:crafting_table":1,"minecraft:torch":2,"minecraft:melon":1,"minecraft:campfire":1,"minecraft:mushroom_stem":1,"luminousworld:grassflowers":1,"minecraft:tall_grass":6,"minecraft:cobblestone":48,"biomesoplenty:sprout":150,"minecraft:sugar_cane":7,"minecraft:cracked_deepslate_bricks":2,"minecraft:wall_torch":2,"minecraft:seagrass":1,"biomesoplenty:magic_planks":13,"biomesoplenty:magic_leaves":70,"biomesoplenty:blue_hydrangea":2,"minecraft:birch_log":10,"minecraft:wheat":640,"biomesoplenty:pink_daffodil":2,"minecraft:lilac":5,"iceandfire:pixie_house_mushroom_red":1,"minecraft:grass":107,"biomesoplenty:clover":18,"minecraft:oak_log":14,"minecraft:coal_ore":17,"minecraft:cherry_leaves":1,"minecraft:dirt":46,"luminousworld:grassvariant_3":4,"minecraft:red_mushroom_block":5,"minecraft:stone_bricks":3,"minecraft:mossy_stone_bricks":1,"minecraft:oak_leaves":9,"minecraft:fern":9},"minecraft:killed_by":{"minecraft:husk":1,"iceandfire:gorgon":2,"iceandfire:lightning_dragon":1},"minecraft:used":{"minecraft:stone_sword":81,"iceandfire:silver_sword":204,"quark:jungle_chest":3,"earthmobsmod:fancy_egg":1,"minecraft:torch":26,"minecraft:dirt":30,"minecraft:wooden_axe":17,"minecraft:iron_axe":130,"duckling:duck_egg":10,"minecraft:furnace":1,"tombstone:gift":3,"minecraft:skeleton_skull":1,"biomesoplenty:magic_leaves":51,"minecraft:brown_bed":2,"minecraft:birch_planks":1,"minecraft:stone_pickaxe":72,"minecraft:oak_planks":31,"minecraft:wooden_pickaxe":11,"biomesoplenty:magic_boat":2,"minecraft:cherry_planks":178,"iceandfire:pixie_house_oak":1,"minecraft:crafting_table":4,"biomesoplenty:magic_planks":380,"minecraft:shears":63,"biomesoplenty:magic_door":2,"minecraft:bread":99,"minecraft:melon_slice":1,"minecraft:iron_pickaxe":66,"tombstone:grave_key":3,"minecraft:stone_axe":120,"minecraft:wooden_sword":21,"minecraft:cobblestone":92,"iceandfire:pixie_house_mushroom_red":1,"iceandfire:pixie_house_birch":2,"minecraft:oak_boat":14,"alexsmobs:animal_dictionary":1,"minecraft:golden_pickaxe":2},"minecraft:picked_up":{"minecraft:wheat":557,"luminousworld:groundpebbles_1":4,"minecraft:crafting_table":1,"minecraft:allium":1,"minecraft:chainmail_boots":1,"iceandfire:pixie_house_oak":1,"born_in_chaos_v1:seedof_chaos":2,"biomesoplenty:magic_leaves":61,"minecraft:wooden_pickaxe":2,"earthmobsmod:fancy_egg":1,"minecraft:brown_bed":2,"biomesoplenty:magic_boat":1,"minecraft:string":2,"minecraft:wooden_sword":1,"iceandfire:ghost_ingot":1,"minecraft:beef":12,"minecraft:oak_boat":13,"minecraft:coal_block":6,"minecraft:melon_slice":4,"minecraft:sugar_cane":12,"duckling:raw_duck":2,"minecraft:iron_boots":1,"born_in_chaos_v1:shattered_skull":1,"minecraft:copper_ingot":1,"minecraft:torch":72,"minecraft:cherry_log":42,"minecraft:stone_button":16,"minecraft:dark_oak_planks":2,"luminousworld:grassflowers":1,"minecraft:stone_sword":1,"biomesoplenty:blue_hydrangea":2,"minecraft:rotten_flesh":17,"minecraft:stripped_dark_oak_wood":3,"minecraft:saddle":1,"minecraft:mutton":1,"minecraft:white_wool":1,"minecraft:cobblestone":84,"minecraft:birch_log":10,"minecraft:feather":4,"minecraft:lilac":2,"minecraft:golden_carrot":1,"minecraft:cherry_planks":19,"minecraft:jungle_log":12,"minecraft:leather":6,"minecraft:red_mushroom":3,"minecraft:oak_log":14,"iceandfire:ectoplasm":5,"minecraft:dirt":67,"iceandfire:pixie_house_mushroom_red":1,"born_in_chaos_v1:marigolds":1,"minecraft:bone":1,"minecraft:stone_bricks":3,"minecraft:wheat_seeds":1055,"minecraft:iron_ingot":1,"biomesoplenty:magic_log":106,"duckling:duck_egg":21,"luminousworld:creepberries":1,"minecraft:stone_brick_slab":2,"iceandfire:pixie_house_birch":2,"biomesoplenty:magic_door":2,"minecraft:bundle":1,"born_in_chaos_v1:fire_dust":1,"minecraft:stone_axe":1,"biomesoplenty:magic_planks":36,"luminousworld:yellowpetunias":1,"minecraft:bread":2,"biomesoplenty:pink_daffodil":1,"minecraft:oak_sapling":2,"minecraft:coal":16,"iceandfire:raw_silver":3},"minecraft:crafted":{"minecraft:cherry_planks":168,"minecraft:wooden_sword":1,"minecraft:oak_planks":36,"ecologics:walnut_planks":28,"quark:jungle_chest":3,"minecraft:furnace":1,"minecraft:stone_button":8,"minecraft:stone":8,"minecraft:heavy_weighted_pressure_plate":1,"minecraft:iron_axe":1,"biomesoplenty:magic_planks":400,"biomesoplenty:magic_door":3,"minecraft:sugar":3,"minecraft:crafting_table":4,"minecraft:wooden_pickaxe":1,"minecraft:iron_helmet":1,"biomesoplenty:magic_boat":1,"minecraft:bucket":3,"minecraft:birch_planks":12,"minecraft:bread":109,"minecraft:air":0,"minecraft:jungle_planks":32,"minecraft:oak_boat":2,"minecraft:stick":32,"minecraft:iron_pickaxe":1,"minecraft:wooden_axe":1,"minecraft:iron_leggings":1,"minecraft:torch":72,"minecraft:shears":1},"minecraft:killed":{"enemyexpansion:direwolf":1,"born_in_chaos_v1:baby_skeleton_minion":4,"born_in_chaos_v1:maggot":4,"born_in_chaos_v1:corpse_fish":1,"born_in_chaos_v1:firelight_not_despawn":2,"earthmobsmod:albino_cow":2,"minecraft:husk":1,"born_in_chaos_v1:bonescaller":1,"enemyexpansion:ladybug":1,"undead_revamp2:the_moonflower":1,"born_in_chaos_v1:decrepit_skeleton":1,"minecraft:sheep":1,"minecraft:pillager":2,"minecraft:zombie":2,"iceandfire:ghost":14,"minecraft:cow":4},"minecraft:broken":{"minecraft:iron_boots":1,"minecraft:iron_chestplate":1,"minecraft:iron_leggings":1,"minecraft:stone_pickaxe":1,"minecraft:iron_helmet":1},"minecraft:custom":{"minecraft:mob_kills":49,"minecraft:interact_with_crafting_table":23,"minecraft:open_barrel":14,"minecraft:damage_dealt_resisted":71,"minecraft:leave_game":7,"minecraft:time_since_death":14120,"minecraft:climb_one_cm":12231,"minecraft:sprint_one_cm":485746,"minecraft:walk_one_cm":646004,"minecraft:drop":93,"minecraft:play_time":256336,"minecraft:sneak_time":1648,"minecraft:deaths":21,"minecraft:walk_under_water_one_cm":46475,"minecraft:boat_one_cm":1302698,"minecraft:jump":4305,"minecraft:walk_on_water_one_cm":77177,"minecraft:total_world_time":256336,"minecraft:interact_with_furnace":5,"tombstone:raider_killed":2,"minecraft:sleep_in_bed":4,"minecraft:time_since_rest":5624,"minecraft:damage_taken":2147483647,"minecraft:trigger_trapped_chest":6,"minecraft:damage_dealt":11972,"minecraft:swim_one_cm":117148,"minecraft:fly_one_cm":835163,"minecraft:open_chest":31,"minecraft:crouch_one_cm":3453,"tombstone:undead_killed":24,"minecraft:fall_one_cm":123686}},"DataVersion":3465}