{"stats":{"minecraft:dropped":{"minecraft:moss_block":1,"born_in_chaos_v1:pieceofdarkmetal":4,"minecraft:leather_helmet":1,"minecraft:emerald":3,"minecraft:flint":1,"minecraft:gold_nugget":7,"minecraft:phantom_membrane":5,"minecraft:dark_oak_planks":4,"minecraft:oak_door":2,"minecraft:gravel":1,"duckling:raw_duck":1,"minecraft:iron_nugget":6,"born_in_chaos_v1:fire_dust":1,"minecraft:cobbled_deepslate":57,"minecraft:wheat":3,"tombstone:gift":3,"minecraft:rotten_flesh":16,"minecraft:rabbit_hide":1,"supplementaries:ash":22,"minecraft:tipped_arrow":7,"minecraft:gunpowder":10,"born_in_chaos_v1:corpse_maggot":2,"minecraft:leather_boots":1,"minecraft:iron_bars":14,"minecraft:arrow":1,"minecraft:bread":63,"minecraft:wheat_seeds":453,"born_in_chaos_v1:shattered_skull":1,"minecraft:cherry_log":1,"luminousworld:ishstone":14,"minecraft:feather":2,"minecraft:cobblestone":112,"minecraft:coal":7,"minecraft:stick":7,"born_in_chaos_v1:gnawed_bones":1,"illagerinvasion:platinum_chunk":1,"minecraft:torch":1,"tombstone:grave_key":2,"minecraft:rabbit":1,"born_in_chaos_v1:fused_bone":3,"tombstone:grave_dust":7,"duckling:duck_egg":1,"minecraft:stone_sword":2,"minecraft:raw_iron":1,"minecraft:name_tag":1,"minecraft:spruce_planks":8,"minecraft:mossy_stone_bricks":6,"iceandfire:silver_ingot":2,"minecraft:spider_eye":2,"minecraft:bow":2,"minecraft:wooden_pickaxe":1,"minecraft:raw_gold":2},"minecraft:mined":{"minecraft:white_bed":8,"luminousworld:yellowpetunias":1,"minecraft:granite":51,"minecraft:grass_block":24,"minecraft:spawner":7,"minecraft:iron_ore":26,"minecraft:fire":10,"biomesoplenty:lavender":1,"supplementaries:stick":2,"minecraft:dirt_path":3,"minecraft:iron_bars":13,"minecraft:quartz_block":2,"minecraft:red_bed":2,"supplementaries:book_pile":1,"born_in_chaos_v1:infected_deepslate_diamond_ore":5,"minecraft:torch":21,"minecraft:chest":2,"minecraft:cobblestone":49,"minecraft:oak_planks":10,"minecraft:bricks":1,"placeablesmod:bread_full_block":4,"minecraft:wall_torch":24,"minecraft:seagrass":1,"biomesoplenty:magic_planks":1,"ecologics:seashell":1,"minecraft:birch_log":13,"minecraft:wheat":411,"minecraft:wither_rose":1,"minecraft:grass":59,"minecraft:oak_log":27,"minecraft:sand":9,"minecraft:dirt":55,"minecraft:oak_leaves":75,"minecraft:deepslate":38,"biomesoplenty:reed":2,"iceandfire:silver_ore":6,"minecraft:mossy_cobblestone":7,"minecraft:deepslate_diamond_ore":3,"biomesoplenty:bush":82,"born_in_chaos_v1:black_argillite":2,"luminousworld:grassvariant_2":1,"minecraft:large_fern":1,"minecraft:furnace":6,"minecraft:andesite":81,"biomesoplenty:magic_log":8,"minecraft:deepslate_iron_ore":11,"minecraft:vine":8,"luminousworld:groundpebbles_2":2,"minecraft:stone":582,"quark:oak_chest":3,"minecraft:polished_granite":1,"minecraft:crafting_table":11,"minecraft:tall_grass":16,"minecraft:copper_ore":4,"minecraft:deepslate_gold_ore":2,"minecraft:diorite":22,"supplementaries:urn":9,"minecraft:lime_bed":1,"biomesoplenty:mahogany_log":1,"minecraft:coal_ore":31,"luminousworld:ishstone":41,"minecraft:pitcher_crop":1,"minecraft:gravel":8,"minecraft:cobweb":7,"minecraft:cracked_stone_bricks":1,"minecraft:stone_bricks":16,"minecraft:mossy_stone_bricks":6,"minecraft:fern":10},"minecraft:killed_by":{"iceandfire:fire_dragon":1,"minecraft:player":1,"iceandfire:gorgon":2},"minecraft:used":{"minecraft:ladder":7,"minecraft:chest":1,"minecraft:iron_sword":622,"minecraft:carrot":9,"minecraft:stone_bricks":91,"minecraft:golden_sword":46,"minecraft:bow":4,"minecraft:furnace":7,"minecraft:mossy_stone_bricks":1,"minecraft:stone_pickaxe":941,"minecraft:oak_planks":111,"minecraft:wooden_pickaxe":10,"luminousworld:groundpebbles_1":1,"minecraft:pitcher_pod":1,"biomesoplenty:magic_planks":1,"minecraft:shears":74,"minecraft:bread":86,"minecraft:cooked_rabbit":3,"minecraft:andesite":34,"minecraft:oak_boat":8,"biomesoplenty:mahogany_planks":3,"minecraft:stone_sword":128,"iceandfire:silver_sword":62,"minecraft:oak_door":2,"minecraft:stick":2,"minecraft:torch":108,"minecraft:dirt":49,"ecologics:seashell":1,"minecraft:granite":26,"minecraft:iron_boots":1,"minecraft:beef":8,"duckling:duck_egg":2,"tombstone:gift":6,"minecraft:cooked_beef":10,"minecraft:baked_potato":6,"minecraft:mossy_cobblestone":2,"minecraft:crafting_table":15,"minecraft:red_bed":2,"minecraft:white_bed":8,"minecraft:apple":9,"minecraft:iron_pickaxe":107,"minecraft:stone_axe":31,"minecraft:enchanted_book":1,"minecraft:cobblestone":396,"quark:oak_chest":10},"minecraft:picked_up":{"minecraft:iron_chestplate":1,"minecraft:wheat":396,"illagerinvasion:platinum_chunk":1,"minecraft:lead":2,"minecraft:wither_rose":1,"minecraft:enchanted_book":1,"tombstone:grave_key":1,"minecraft:golden_sword":2,"born_in_chaos_v1:black_argillite":2,"minecraft:music_disc_cat":1,"minecraft:string":40,"minecraft:raw_copper":14,"minecraft:iron_leggings":1,"minecraft:gold_nugget":3,"minecraft:cobbled_deepslate":103,"minecraft:furnace":6,"minecraft:iron_boots":1,"minecraft:tipped_arrow":7,"minecraft:golden_helmet":1,"minecraft:stick":10,"born_in_chaos_v1:shattered_skull":1,"minecraft:torch":64,"minecraft:cherry_log":1,"tombstone:grave_dust":10,"minecraft:diorite":22,"minecraft:rabbit_foot":1,"minecraft:quartz_block":2,"minecraft:stone_sword":2,"minecraft:rotten_flesh":47,"supplementaries:ash":23,"minecraft:iron_bars":20,"minecraft:cobblestone":650,"biomesoplenty:lavender":1,"minecraft:birch_log":13,"minecraft:leather_chestplate":1,"minecraft:feather":2,"minecraft:andesite":83,"minecraft:flint":1,"minecraft:dirt":75,"minecraft:polished_granite":1,"biomesoplenty:bush":1,"minecraft:name_tag":1,"born_in_chaos_v1:monster_skin":1,"minecraft:leather_boots":2,"minecraft:bone":35,"minecraft:bow":2,"minecraft:wheat_seeds":1849,"minecraft:raw_gold":2,"minecraft:mossy_stone_bricks":7,"minecraft:rabbit":1,"minecraft:oak_planks":24,"minecraft:pitcher_pod":1,"duckling:duck_egg":3,"minecraft:sand":9,"minecraft:dark_oak_log":1,"minecraft:mossy_cobblestone":6,"minecraft:bundle":1,"born_in_chaos_v1:fire_dust":1,"minecraft:diamond":3,"biomesoplenty:magic_planks":1,"minecraft:granite":51,"minecraft:emerald":7,"minecraft:bread":46,"minecraft:chainmail_helmet":1,"minecraft:oak_sapling":1,"minecraft:oak_leaves":74,"iceandfire:raw_silver":6,"born_in_chaos_v1:diamond_termite_shard":9,"luminousworld:groundpebbles_1":1,"minecraft:crafting_table":11,"ecologics:seashell":1,"minecraft:red_bed":2,"minecraft:beef":14,"minecraft:oak_boat":8,"born_in_chaos_v1:gnawed_bones":1,"minecraft:chest":2,"minecraft:phantom_membrane":5,"duckling:raw_duck":1,"minecraft:raw_iron":38,"minecraft:oak_door":1,"minecraft:bowl":2,"born_in_chaos_v1:pieceofdarkmetal":4,"iceandfire:silver_ingot":2,"minecraft:arrow":14,"minecraft:saddle":1,"born_in_chaos_v1:fused_bone":3,"born_in_chaos_v1:corpse_maggot":4,"minecraft:lime_bed":1,"born_in_chaos_v1:monster_flesh":1,"minecraft:glow_ink_sac":7,"luminousworld:ishstone":42,"minecraft:leather":12,"minecraft:birch_planks":23,"minecraft:oak_log":28,"minecraft:chainmail_chestplate":1,"minecraft:gunpowder":10,"tombstone:gift":3,"minecraft:stone_bricks":16,"minecraft:rabbit_hide":5,"minecraft:iron_ingot":2,"biomesoplenty:magic_log":8,"minecraft:iron_sword":2,"born_in_chaos_v1:ethereal_spirit":1,"minecraft:dandelion":2,"minecraft:gravel":6,"minecraft:white_bed":8,"minecraft:spruce_log":2,"quark:oak_chest":3,"minecraft:spider_eye":14,"minecraft:leather_helmet":1,"biomesoplenty:mahogany_log":1,"minecraft:diamond_shovel":1,"minecraft:iron_helmet":1,"tombstone:magic_scroll":1,"minecraft:coal":31},"minecraft:crafted":{"minecraft:oak_planks":112,"minecraft:cobblestone_slab":12,"minecraft:heavy_weighted_pressure_plate":1,"minecraft:glass":9,"minecraft:bow":1,"minecraft:iron_boots":1,"minecraft:glass_bottle":3,"sophisticatedbackpacks:backpack":1,"minecraft:crafting_table":5,"minecraft:spruce_planks":8,"minecraft:wooden_pickaxe":2,"minecraft:copper_ingot":5,"minecraft:birch_planks":28,"minecraft:iron_chestplate":1,"minecraft:charcoal":6,"minecraft:stick":76,"quark:oak_chest":7,"minecraft:iron_ingot":40,"minecraft:iron_pickaxe":1,"minecraft:stone_sword":3,"minecraft:gold_ingot":1,"iceandfire:silver_sword":1,"minecraft:shears":1,"minecraft:oak_door":3,"biomesoplenty:mahogany_planks":4,"minecraft:furnace":2,"minecraft:glass_pane":16,"minecraft:diamond":1,"minecraft:leather":1,"minecraft:ladder":8,"minecraft:stone_pickaxe":9,"biomesoplenty:magic_planks":32,"minecraft:dark_oak_planks":4,"minecraft:cooked_beef":6,"minecraft:iron_sword":3,"minecraft:stone_axe":2,"minecraft:bread":122,"minecraft:air":0,"minecraft:oak_boat":3,"minecraft:iron_shovel":1,"minecraft:iron_leggings":1,"minecraft:torch":4},"minecraft:killed":{"minecraft:cave_spider":9,"earthmobsmod:jumbo_rabbit":1,"born_in_chaos_v1:restless_spirit":1,"born_in_chaos_v1:zombie_lumberjack":1,"minecraft:spider":21,"minecraft:skeleton":2,"born_in_chaos_v1:firelight_not_despawn":1,"born_in_chaos_v1:diamond_termite":10,"minecraft:trader_llama":2,"minecraft:pillager":1,"minecraft:zombie":29,"born_in_chaos_v1:dread_hound":2,"born_in_chaos_v1:corpse_fly":1,"enemyexpansion:botfly":5,"minecraft:stray":5,"minecraft:cow":3,"earthmobsmod:hyper_rabbit":4,"born_in_chaos_v1:maggot":7,"undead_revamp2:sucker":1,"earthmobsmod:albino_cow":3,"minecraft:husk":2,"duckling:duck":1,"born_in_chaos_v1:baby_skeleton":2,"born_in_chaos_v1:decrepit_skeleton":1,"iceandfire:ghost":6,"enemyexpansion:slugger":1},"minecraft:broken":{"minecraft:iron_boots":1,"minecraft:iron_chestplate":1,"minecraft:iron_leggings":1,"minecraft:stone_pickaxe":7,"minecraft:golden_sword":1,"minecraft:iron_sword":1,"minecraft:iron_helmet":1,"aether:leather_gloves":1},"minecraft:custom":{"minecraft:interact_with_crafting_table":64,"minecraft:eat_cake_slice":3,"minecraft:leave_game":1,"minecraft:time_since_death":95743,"minecraft:sprint_one_cm":709341,"minecraft:drop":180,"minecraft:talked_to_villager":2,"minecraft:play_time":354749,"minecraft:deaths":16,"minecraft:jump":4336,"minecraft:walk_on_water_one_cm":51953,"minecraft:interact_with_furnace":49,"minecraft:sleep_in_bed":4,"minecraft:damage_dealt":23803,"minecraft:crouch_one_cm":36519,"tombstone:undead_killed":50,"minecraft:mob_kills":132,"minecraft:damage_dealt_resisted":40,"minecraft:climb_one_cm":16082,"minecraft:walk_one_cm":1024689,"minecraft:sneak_time":13622,"minecraft:walk_under_water_one_cm":24678,"minecraft:boat_one_cm":789908,"minecraft:total_world_time":354749,"tombstone:raider_killed":1,"minecraft:time_since_rest":91948,"minecraft:damage_taken":2147483647,"minecraft:trigger_trapped_chest":7,"minecraft:swim_one_cm":74713,"minecraft:fly_one_cm":721305,"minecraft:open_chest":160,"minecraft:fall_one_cm":116820}},"DataVersion":3465}