{"stats":{"minecraft:picked_up":{"biomesoplenty:lavender":1,"minecraft:birch_log":6,"luminousworld:groundpebbles_1":1,"minecraft:crafting_table":6,"minecraft:wheat":370,"illagerinvasion:platinum_chunk":1,"minecraft:andesite":42,"luminousworld:ishstone":9,"minecraft:flint":1,"minecraft:oak_log":15,"minecraft:dirt":27,"biomesoplenty:bush":1,"minecraft:raw_copper":3,"minecraft:wheat_seeds":1798,"minecraft:gold_nugget":3,"minecraft:oak_planks":1,"duckling:duck_egg":1,"minecraft:furnace":5,"minecraft:raw_iron":18,"minecraft:torch":10,"minecraft:gravel":4,"minecraft:white_bed":4,"quark:oak_chest":2,"iceandfire:silver_ingot":2,"minecraft:stone_sword":1,"minecraft:rotten_flesh":8,"minecraft:iron_helmet":1,"minecraft:granite":20,"minecraft:emerald":1,"minecraft:bread":41,"minecraft:oak_leaves":74,"minecraft:coal":24,"minecraft:cobblestone":249},"minecraft:killed":{"minecraft:pillager":1,"iceandfire:ghost":2},"minecraft:broken":{"minecraft:stone_pickaxe":2},"minecraft:crafted":{"minecraft:oak_planks":60,"minecraft:crafting_table":2,"minecraft:wooden_pickaxe":1,"minecraft:iron_sword":1,"minecraft:furnace":1,"minecraft:bread":122,"minecraft:air":0,"minecraft:charcoal":6,"minecraft:ladder":8,"minecraft:stick":40,"quark:oak_chest":1,"minecraft:iron_ingot":17,"minecraft:stone_pickaxe":3,"minecraft:stone_sword":3,"minecraft:torch":4,"minecraft:shears":1},"minecraft:used":{"minecraft:stone_sword":128,"minecraft:stone_pickaxe":383,"minecraft:ladder":7,"minecraft:wooden_pickaxe":7,"minecraft:iron_sword":2,"luminousworld:groundpebbles_1":1,"minecraft:torch":14,"minecraft:dirt":10,"minecraft:crafting_table":8,"minecraft:white_bed":4,"minecraft:shears":74,"minecraft:bread":26,"minecraft:cobblestone":21,"minecraft:furnace":6,"duckling:duck_egg":1,"tombstone:gift":1,"quark:oak_chest":3},"minecraft:custom":{"minecraft:interact_with_furnace":17,"minecraft:mob_kills":3,"tombstone:raider_killed":1,"minecraft:interact_with_crafting_table":15,"minecraft:leave_game":1,"minecraft:time_since_death":926,"minecraft:climb_one_cm":12772,"minecraft:time_since_rest":873,"minecraft:sprint_one_cm":156901,"minecraft:damage_taken":2266,"minecraft:walk_one_cm":299729,"minecraft:trigger_trapped_chest":3,"minecraft:drop":91,"minecraft:damage_dealt":2270,"minecraft:swim_one_cm":15738,"minecraft:fly_one_cm":171537,"minecraft:open_chest":4,"minecraft:play_time":91764,"minecraft:crouch_one_cm":3633,"tombstone:undead_killed":2,"minecraft:deaths":4,"minecraft:sneak_time":2043,"minecraft:walk_under_water_one_cm":1246,"minecraft:jump":1004,"minecraft:walk_on_water_one_cm":4328,"minecraft:total_world_time":91764,"minecraft:fall_one_cm":28715},"minecraft:dropped":{"minecraft:bread":63,"minecraft:wheat_seeds":449,"minecraft:stone_sword":2,"luminousworld:ishstone":9,"minecraft:wheat":2,"minecraft:raw_iron":1,"minecraft:cobblestone":27,"minecraft:rotten_flesh":6,"minecraft:flint":1,"illagerinvasion:platinum_chunk":1,"tombstone:grave_key":1,"iceandfire:silver_ingot":2,"tombstone:grave_dust":1,"minecraft:gold_nugget":3,"minecraft:wooden_pickaxe":1},"minecraft:mined":{"minecraft:white_bed":4,"luminousworld:yellowpetunias":1,"quark:oak_chest":2,"minecraft:crafting_table":6,"minecraft:torch":4,"minecraft:granite":20,"biomesoplenty:bush":57,"minecraft:grass_block":4,"luminousworld:grassvariant_2":1,"minecraft:tall_grass":16,"minecraft:copper_ore":1,"minecraft:cobblestone":6,"minecraft:oak_planks":1,"minecraft:wall_torch":3,"minecraft:furnace":5,"minecraft:fire":9,"minecraft:birch_log":6,"minecraft:iron_ore":17,"minecraft:wheat":411,"biomesoplenty:lavender":1,"minecraft:andesite":42,"minecraft:grass":44,"minecraft:oak_log":14,"minecraft:coal_ore":24,"luminousworld:ishstone":13,"minecraft:vine":2,"minecraft:dirt_path":3,"minecraft:gravel":5,"minecraft:dirt":24,"luminousworld:groundpebbles_2":1,"minecraft:stone":244,"minecraft:oak_leaves":74,"minecraft:fern":4}},"DataVersion":3465}