{"stats":{"minecraft:mined":{"minecraft:white_bed":8,"iceandfire:silver_ore":6,"luminousworld:yellowpetunias":1,"minecraft:deepslate_diamond_ore":3,"minecraft:granite":51,"biomesoplenty:bush":78,"minecraft:grass_block":18,"luminousworld:grassvariant_2":1,"minecraft:furnace":6,"minecraft:iron_ore":26,"minecraft:fire":10,"biomesoplenty:lavender":1,"minecraft:andesite":81,"biomesoplenty:magic_log":8,"supplementaries:stick":2,"minecraft:dirt_path":3,"minecraft:deepslate_iron_ore":11,"minecraft:vine":2,"luminousworld:groundpebbles_2":2,"minecraft:stone":568,"quark:oak_chest":3,"supplementaries:book_pile":1,"minecraft:crafting_table":9,"born_in_chaos_v1:infected_deepslate_diamond_ore":5,"minecraft:torch":10,"minecraft:copper_ore":3,"minecraft:tall_grass":16,"minecraft:cobblestone":34,"minecraft:deepslate_gold_ore":2,"minecraft:oak_planks":1,"placeablesmod:bread_full_block":4,"minecraft:diorite":22,"minecraft:wall_torch":15,"supplementaries:urn":5,"minecraft:seagrass":1,"biomesoplenty:magic_planks":1,"ecologics:seashell":1,"biomesoplenty:mahogany_log":1,"minecraft:birch_log":13,"minecraft:wheat":411,"minecraft:grass":57,"minecraft:oak_log":20,"minecraft:coal_ore":31,"luminousworld:ishstone":41,"minecraft:sand":8,"minecraft:gravel":5,"minecraft:dirt":50,"minecraft:cobweb":3,"minecraft:oak_leaves":75,"minecraft:deepslate":34,"minecraft:fern":10},"minecraft:dropped":{"minecraft:bread":63,"minecraft:moss_block":1,"born_in_chaos_v1:shattered_skull":1,"minecraft:wheat_seeds":453,"luminousworld:ishstone":14,"minecraft:feather":2,"minecraft:cobblestone":112,"born_in_chaos_v1:pieceofdarkmetal":4,"minecraft:flint":1,"minecraft:emerald":3,"minecraft:stick":7,"illagerinvasion:platinum_chunk":1,"minecraft:torch":1,"tombstone:grave_key":1,"minecraft:rabbit":1,"born_in_chaos_v1:fused_bone":3,"tombstone:grave_dust":6,"minecraft:gold_nugget":3,"duckling:duck_egg":1,"minecraft:oak_door":2,"duckling:raw_duck":1,"born_in_chaos_v1:fire_dust":1,"minecraft:stone_sword":2,"minecraft:cobbled_deepslate":57,"minecraft:wheat":3,"tombstone:gift":3,"minecraft:raw_iron":1,"minecraft:rotten_flesh":10,"supplementaries:ash":18,"minecraft:gunpowder":10,"born_in_chaos_v1:corpse_maggot":1,"iceandfire:silver_ingot":2,"minecraft:arrow":1,"minecraft:wooden_pickaxe":1,"minecraft:raw_gold":2},"minecraft:killed_by":{"minecraft:player":1,"iceandfire:gorgon":2},"minecraft:used":{"biomesoplenty:mahogany_planks":3,"minecraft:stone_sword":128,"minecraft:ladder":7,"minecraft:iron_sword":318,"minecraft:oak_door":2,"minecraft:stick":2,"minecraft:torch":34,"minecraft:dirt":43,"ecologics:seashell":1,"minecraft:granite":26,"minecraft:furnace":7,"duckling:duck_egg":1,"tombstone:gift":3,"minecraft:stone_pickaxe":917,"minecraft:wooden_pickaxe":7,"luminousworld:groundpebbles_1":1,"minecraft:crafting_table":11,"biomesoplenty:magic_planks":1,"minecraft:white_bed":8,"minecraft:shears":74,"minecraft:bread":85,"minecraft:iron_pickaxe":39,"minecraft:stone_axe":31,"minecraft:enchanted_book":1,"minecraft:cobblestone":339,"minecraft:andesite":34,"quark:oak_chest":8,"minecraft:oak_boat":8},"minecraft:picked_up":{"minecraft:crafting_table":9,"luminousworld:groundpebbles_1":1,"born_in_chaos_v1:diamond_termite_shard":9,"minecraft:wheat":371,"illagerinvasion:platinum_chunk":1,"minecraft:lead":2,"ecologics:seashell":1,"minecraft:enchanted_book":1,"minecraft:string":4,"minecraft:raw_copper":10,"minecraft:gold_nugget":3,"minecraft:cobbled_deepslate":99,"minecraft:beef":6,"minecraft:oak_boat":8,"duckling:raw_duck":1,"minecraft:furnace":6,"minecraft:stick":10,"minecraft:raw_iron":38,"born_in_chaos_v1:shattered_skull":1,"minecraft:oak_door":1,"minecraft:torch":31,"tombstone:grave_dust":8,"minecraft:diorite":22,"born_in_chaos_v1:pieceofdarkmetal":4,"minecraft:rabbit_foot":1,"iceandfire:silver_ingot":2,"minecraft:stone_sword":1,"minecraft:arrow":1,"minecraft:rotten_flesh":18,"minecraft:saddle":1,"supplementaries:ash":19,"born_in_chaos_v1:fused_bone":3,"minecraft:cobblestone":621,"biomesoplenty:lavender":1,"minecraft:birch_log":13,"born_in_chaos_v1:corpse_maggot":2,"minecraft:feather":2,"minecraft:glow_ink_sac":7,"minecraft:andesite":83,"luminousworld:ishstone":42,"minecraft:leather":6,"minecraft:birch_planks":23,"minecraft:flint":1,"minecraft:oak_log":21,"minecraft:gunpowder":10,"minecraft:dirt":64,"tombstone:gift":3,"biomesoplenty:bush":1,"minecraft:bone":18,"minecraft:wheat_seeds":1806,"minecraft:raw_gold":2,"minecraft:rabbit_hide":5,"minecraft:iron_ingot":1,"biomesoplenty:magic_log":8,"minecraft:rabbit":1,"minecraft:oak_planks":15,"duckling:duck_egg":2,"born_in_chaos_v1:ethereal_spirit":1,"minecraft:sand":6,"minecraft:gravel":4,"minecraft:white_bed":8,"quark:oak_chest":3,"biomesoplenty:mahogany_log":1,"born_in_chaos_v1:fire_dust":1,"minecraft:diamond":3,"biomesoplenty:magic_planks":1,"minecraft:iron_helmet":1,"minecraft:granite":51,"minecraft:bread":46,"minecraft:emerald":7,"tombstone:magic_scroll":1,"minecraft:oak_leaves":74,"minecraft:coal":31,"iceandfire:raw_silver":6},"minecraft:crafted":{"minecraft:oak_door":3,"minecraft:oak_planks":84,"minecraft:cobblestone_slab":12,"biomesoplenty:mahogany_planks":4,"minecraft:furnace":2,"minecraft:heavy_weighted_pressure_plate":1,"minecraft:glass_pane":16,"minecraft:glass":6,"minecraft:diamond":1,"minecraft:iron_boots":1,"minecraft:leather":1,"minecraft:ladder":8,"minecraft:stone_pickaxe":8,"biomesoplenty:magic_planks":32,"minecraft:crafting_table":3,"minecraft:wooden_pickaxe":1,"minecraft:iron_sword":2,"minecraft:copper_ingot":5,"minecraft:birch_planks":28,"minecraft:stone_axe":1,"minecraft:bread":122,"minecraft:air":0,"minecraft:oak_boat":3,"minecraft:iron_chestplate":1,"minecraft:charcoal":6,"minecraft:stick":68,"quark:oak_chest":5,"minecraft:iron_ingot":37,"minecraft:iron_pickaxe":1,"minecraft:stone_sword":3,"minecraft:iron_shovel":1,"minecraft:iron_leggings":1,"minecraft:torch":4,"minecraft:shears":1},"minecraft:killed":{"earthmobsmod:hyper_rabbit":4,"earthmobsmod:jumbo_rabbit":1,"born_in_chaos_v1:restless_spirit":1,"minecraft:spider":1,"born_in_chaos_v1:maggot":2,"minecraft:skeleton":2,"born_in_chaos_v1:firelight_not_despawn":1,"earthmobsmod:albino_cow":3,"minecraft:husk":2,"born_in_chaos_v1:baby_skeleton":2,"born_in_chaos_v1:diamond_termite":10,"duckling:duck":1,"born_in_chaos_v1:decrepit_skeleton":1,"minecraft:trader_llama":2,"minecraft:pillager":1,"minecraft:zombie":3,"iceandfire:ghost":2,"born_in_chaos_v1:corpse_fly":1,"enemyexpansion:slugger":1},"minecraft:broken":{"minecraft:iron_boots":1,"minecraft:iron_chestplate":1,"minecraft:iron_leggings":1,"minecraft:stone_pickaxe":7,"minecraft:iron_sword":1,"minecraft:iron_helmet":1},"minecraft:custom":{"minecraft:mob_kills":49,"minecraft:interact_with_crafting_table":45,"minecraft:leave_game":1,"minecraft:time_since_death":18009,"minecraft:climb_one_cm":14927,"minecraft:sprint_one_cm":455578,"minecraft:walk_one_cm":684408,"minecraft:drop":148,"minecraft:talked_to_villager":2,"minecraft:play_time":246749,"minecraft:sneak_time":5629,"minecraft:deaths":11,"minecraft:walk_under_water_one_cm":11547,"minecraft:boat_one_cm":789908,"minecraft:jump":3584,"minecraft:walk_on_water_one_cm":36271,"minecraft:total_world_time":246749,"minecraft:interact_with_furnace":40,"tombstone:raider_killed":1,"minecraft:sleep_in_bed":3,"minecraft:time_since_rest":673,"minecraft:damage_taken":2147483647,"minecraft:trigger_trapped_chest":3,"minecraft:damage_dealt":9712,"minecraft:swim_one_cm":53220,"minecraft:fly_one_cm":604137,"minecraft:open_chest":66,"minecraft:crouch_one_cm":10936,"tombstone:undead_killed":13,"minecraft:fall_one_cm":98599}},"DataVersion":3465}