{"stats":{"minecraft:picked_up":{"biomesoplenty:lavender":1,"minecraft:birch_log":13,"luminousworld:groundpebbles_1":1,"minecraft:crafting_table":6,"minecraft:wheat":370,"illagerinvasion:platinum_chunk":1,"minecraft:andesite":83,"luminousworld:ishstone":37,"minecraft:flint":1,"minecraft:oak_log":21,"minecraft:string":2,"minecraft:dirt":35,"biomesoplenty:bush":1,"minecraft:raw_copper":10,"minecraft:bone":3,"minecraft:wheat_seeds":1799,"minecraft:gold_nugget":3,"biomesoplenty:magic_log":8,"minecraft:oak_planks":15,"duckling:duck_egg":1,"minecraft:furnace":5,"minecraft:stick":2,"minecraft:raw_iron":24,"minecraft:torch":16,"minecraft:gravel":4,"minecraft:diorite":22,"minecraft:white_bed":4,"quark:oak_chest":3,"iceandfire:silver_ingot":2,"minecraft:stone_sword":1,"minecraft:rotten_flesh":12,"biomesoplenty:magic_planks":1,"minecraft:iron_helmet":1,"minecraft:granite":49,"minecraft:emerald":1,"minecraft:bread":41,"minecraft:oak_leaves":74,"minecraft:coal":31,"iceandfire:raw_silver":6,"minecraft:cobblestone":581},"minecraft:killed":{"born_in_chaos_v1:decrepit_skeleton":1,"minecraft:pillager":1,"minecraft:zombie":1,"iceandfire:ghost":2},"minecraft:broken":{"minecraft:stone_pickaxe":6},"minecraft:used":{"minecraft:stone_sword":128,"minecraft:stone_pickaxe":859,"minecraft:ladder":7,"minecraft:wooden_pickaxe":7,"minecraft:iron_sword":60,"luminousworld:groundpebbles_1":1,"minecraft:oak_door":2,"minecraft:torch":21,"minecraft:dirt":10,"minecraft:crafting_table":8,"biomesoplenty:magic_planks":1,"minecraft:white_bed":4,"minecraft:granite":10,"minecraft:shears":74,"minecraft:bread":33,"minecraft:stone_axe":25,"minecraft:cobblestone":170,"minecraft:furnace":6,"duckling:duck_egg":1,"minecraft:andesite":34,"tombstone:gift":1,"quark:oak_chest":7},"minecraft:crafted":{"minecraft:oak_door":3,"minecraft:oak_planks":84,"minecraft:cobblestone_slab":12,"minecraft:crafting_table":2,"minecraft:wooden_pickaxe":1,"minecraft:iron_sword":1,"minecraft:furnace":1,"minecraft:stone_axe":1,"minecraft:bread":122,"minecraft:air":0,"minecraft:iron_boots":1,"minecraft:iron_chestplate":1,"minecraft:charcoal":6,"minecraft:ladder":8,"minecraft:stick":48,"quark:oak_chest":4,"biomesoplenty:magic_planks":32,"minecraft:iron_ingot":23,"minecraft:stone_pickaxe":8,"minecraft:iron_leggings":1,"minecraft:stone_sword":3,"minecraft:torch":4,"minecraft:shears":1},"minecraft:custom":{"minecraft:interact_with_furnace":23,"minecraft:mob_kills":6,"tombstone:raider_killed":1,"minecraft:interact_with_crafting_table":28,"minecraft:leave_game":1,"minecraft:time_since_death":29210,"minecraft:climb_one_cm":12772,"minecraft:time_since_rest":29052,"minecraft:sprint_one_cm":215779,"minecraft:damage_taken":3084,"minecraft:walk_one_cm":420102,"minecraft:trigger_trapped_chest":3,"minecraft:drop":91,"minecraft:damage_dealt":3731,"minecraft:swim_one_cm":19722,"minecraft:fly_one_cm":217380,"minecraft:open_chest":19,"minecraft:play_time":127764,"minecraft:crouch_one_cm":5269,"tombstone:undead_killed":4,"minecraft:deaths":6,"minecraft:sneak_time":2773,"minecraft:walk_under_water_one_cm":3887,"minecraft:jump":1493,"minecraft:walk_on_water_one_cm":9504,"minecraft:total_world_time":127764,"minecraft:fall_one_cm":34839},"minecraft:dropped":{"minecraft:bread":63,"minecraft:wheat_seeds":449,"minecraft:stone_sword":2,"luminousworld:ishstone":9,"minecraft:wheat":2,"minecraft:raw_iron":1,"minecraft:cobblestone":27,"minecraft:rotten_flesh":6,"minecraft:flint":1,"illagerinvasion:platinum_chunk":1,"tombstone:grave_key":1,"iceandfire:silver_ingot":2,"tombstone:grave_dust":1,"minecraft:gold_nugget":3,"minecraft:wooden_pickaxe":1},"minecraft:killed_by":{"minecraft:player":1},"minecraft:mined":{"iceandfire:silver_ore":6,"minecraft:white_bed":4,"luminousworld:yellowpetunias":1,"quark:oak_chest":3,"minecraft:crafting_table":6,"minecraft:torch":4,"minecraft:granite":49,"biomesoplenty:bush":65,"minecraft:grass_block":6,"luminousworld:grassvariant_2":1,"minecraft:tall_grass":16,"minecraft:copper_ore":3,"minecraft:cobblestone":19,"minecraft:oak_planks":1,"minecraft:diorite":22,"minecraft:wall_torch":8,"supplementaries:urn":1,"biomesoplenty:magic_planks":1,"minecraft:furnace":5,"minecraft:fire":9,"minecraft:birch_log":13,"minecraft:iron_ore":23,"minecraft:wheat":411,"biomesoplenty:lavender":1,"minecraft:andesite":81,"biomesoplenty:magic_log":8,"minecraft:grass":46,"minecraft:oak_log":20,"minecraft:coal_ore":31,"luminousworld:ishstone":41,"minecraft:vine":2,"minecraft:dirt_path":3,"minecraft:gravel":5,"minecraft:dirt":30,"minecraft:cobweb":2,"luminousworld:groundpebbles_2":2,"minecraft:stone":563,"minecraft:oak_leaves":75,"minecraft:fern":4}},"DataVersion":3465}