{"stats":{"minecraft:picked_up":{"biomesoplenty:lavender":1,"minecraft:birch_log":6,"minecraft:crafting_table":5,"minecraft:wheat":370,"illagerinvasion:platinum_chunk":1,"minecraft:andesite":42,"luminousworld:ishstone":9,"minecraft:flint":1,"minecraft:oak_log":12,"minecraft:dirt":27,"minecraft:raw_copper":3,"minecraft:wheat_seeds":1793,"minecraft:gold_nugget":3,"minecraft:oak_planks":1,"duckling:duck_egg":1,"minecraft:furnace":3,"minecraft:raw_iron":18,"minecraft:torch":10,"minecraft:gravel":4,"minecraft:white_bed":3,"quark:oak_chest":1,"minecraft:stone_sword":1,"minecraft:rotten_flesh":8,"minecraft:iron_helmet":1,"minecraft:granite":20,"minecraft:emerald":1,"minecraft:bread":41,"minecraft:coal":24,"minecraft:cobblestone":249},"minecraft:killed":{"minecraft:pillager":1,"iceandfire:ghost":2},"minecraft:broken":{"minecraft:stone_pickaxe":2},"minecraft:crafted":{"minecraft:oak_planks":48,"minecraft:crafting_table":1,"minecraft:wooden_pickaxe":1,"minecraft:iron_sword":1,"minecraft:furnace":1,"minecraft:bread":122,"minecraft:air":0,"minecraft:charcoal":6,"minecraft:ladder":8,"minecraft:stick":40,"quark:oak_chest":1,"minecraft:iron_ingot":14,"minecraft:stone_pickaxe":3,"minecraft:stone_sword":3,"minecraft:torch":4},"minecraft:used":{"minecraft:stone_sword":128,"minecraft:stone_pickaxe":381,"minecraft:ladder":7,"minecraft:wooden_pickaxe":7,"minecraft:torch":13,"minecraft:dirt":10,"minecraft:crafting_table":6,"minecraft:white_bed":2,"minecraft:bread":25,"minecraft:cobblestone":21,"minecraft:furnace":4,"duckling:duck_egg":1,"tombstone:gift":1,"quark:oak_chest":1},"minecraft:custom":{"minecraft:interact_with_furnace":16,"minecraft:mob_kills":3,"tombstone:raider_killed":1,"minecraft:interact_with_crafting_table":15,"minecraft:leave_game":1,"minecraft:time_since_death":21781,"minecraft:climb_one_cm":12772,"minecraft:time_since_rest":21684,"minecraft:sprint_one_cm":124079,"minecraft:damage_taken":1981,"minecraft:walk_one_cm":265313,"minecraft:trigger_trapped_chest":3,"minecraft:drop":90,"minecraft:damage_dealt":2270,"minecraft:swim_one_cm":15738,"minecraft:fly_one_cm":153107,"minecraft:open_chest":4,"minecraft:play_time":83059,"minecraft:crouch_one_cm":3601,"tombstone:undead_killed":2,"minecraft:deaths":3,"minecraft:sneak_time":2017,"minecraft:walk_under_water_one_cm":1246,"minecraft:jump":929,"minecraft:walk_on_water_one_cm":4328,"minecraft:total_world_time":83059,"minecraft:fall_one_cm":23266},"minecraft:dropped":{"minecraft:bread":63,"minecraft:wheat_seeds":449,"minecraft:stone_sword":2,"luminousworld:ishstone":9,"minecraft:wheat":2,"minecraft:raw_iron":1,"minecraft:cobblestone":27,"minecraft:rotten_flesh":6,"minecraft:flint":1,"illagerinvasion:platinum_chunk":1,"tombstone:grave_key":1,"tombstone:grave_dust":1,"minecraft:gold_nugget":3,"minecraft:wooden_pickaxe":1},"minecraft:mined":{"minecraft:white_bed":3,"luminousworld:yellowpetunias":1,"quark:oak_chest":1,"minecraft:crafting_table":5,"minecraft:torch":4,"minecraft:granite":20,"minecraft:grass_block":4,"luminousworld:grassvariant_2":1,"minecraft:tall_grass":16,"minecraft:copper_ore":1,"minecraft:cobblestone":6,"minecraft:oak_planks":1,"minecraft:wall_torch":3,"minecraft:furnace":3,"minecraft:birch_log":6,"minecraft:iron_ore":17,"minecraft:wheat":411,"biomesoplenty:lavender":1,"minecraft:andesite":42,"minecraft:grass":11,"minecraft:oak_log":11,"minecraft:coal_ore":24,"luminousworld:ishstone":13,"minecraft:vine":2,"minecraft:dirt_path":3,"minecraft:gravel":5,"minecraft:dirt":24,"minecraft:stone":244,"minecraft:fern":4}},"DataVersion":3465}