{"stats":{"minecraft:picked_up":{"biomesoplenty:lavender":1,"minecraft:birch_log":6,"luminousworld:groundpebbles_1":1,"minecraft:crafting_table":6,"minecraft:wheat":370,"illagerinvasion:platinum_chunk":1,"minecraft:andesite":44,"luminousworld:ishstone":16,"minecraft:flint":1,"minecraft:oak_log":15,"minecraft:string":2,"minecraft:dirt":35,"biomesoplenty:bush":1,"minecraft:raw_copper":3,"minecraft:wheat_seeds":1799,"minecraft:gold_nugget":3,"minecraft:oak_planks":15,"duckling:duck_egg":1,"minecraft:furnace":5,"minecraft:raw_iron":18,"minecraft:torch":13,"minecraft:gravel":4,"minecraft:white_bed":4,"quark:oak_chest":2,"iceandfire:silver_ingot":2,"minecraft:stone_sword":1,"minecraft:rotten_flesh":10,"minecraft:iron_helmet":1,"minecraft:granite":23,"minecraft:emerald":1,"minecraft:bread":41,"minecraft:oak_leaves":74,"minecraft:coal":24,"minecraft:cobblestone":360},"minecraft:killed":{"born_in_chaos_v1:decrepit_skeleton":1,"minecraft:pillager":1,"iceandfire:ghost":2},"minecraft:broken":{"minecraft:stone_pickaxe":3},"minecraft:used":{"minecraft:stone_sword":128,"minecraft:stone_pickaxe":508,"minecraft:ladder":7,"minecraft:wooden_pickaxe":7,"minecraft:iron_sword":56,"luminousworld:groundpebbles_1":1,"minecraft:oak_door":1,"minecraft:torch":17,"minecraft:dirt":10,"minecraft:crafting_table":8,"minecraft:white_bed":4,"minecraft:shears":74,"minecraft:bread":29,"minecraft:cobblestone":170,"minecraft:furnace":6,"duckling:duck_egg":1,"minecraft:andesite":3,"tombstone:gift":1,"quark:oak_chest":3},"minecraft:crafted":{"minecraft:oak_door":3,"minecraft:oak_planks":60,"minecraft:crafting_table":2,"minecraft:wooden_pickaxe":1,"minecraft:iron_sword":1,"minecraft:furnace":1,"minecraft:bread":122,"minecraft:air":0,"minecraft:charcoal":6,"minecraft:ladder":8,"minecraft:stick":40,"quark:oak_chest":1,"minecraft:iron_ingot":17,"minecraft:stone_pickaxe":4,"minecraft:stone_sword":3,"minecraft:torch":4,"minecraft:shears":1},"minecraft:custom":{"minecraft:interact_with_furnace":17,"minecraft:mob_kills":4,"tombstone:raider_killed":1,"minecraft:interact_with_crafting_table":18,"minecraft:leave_game":1,"minecraft:time_since_death":5210,"minecraft:climb_one_cm":12772,"minecraft:time_since_rest":5052,"minecraft:sprint_one_cm":178571,"minecraft:damage_taken":3045,"minecraft:walk_one_cm":352322,"minecraft:trigger_trapped_chest":3,"minecraft:drop":91,"minecraft:damage_dealt":3465,"minecraft:swim_one_cm":15738,"minecraft:fly_one_cm":191895,"minecraft:open_chest":6,"minecraft:play_time":103764,"minecraft:crouch_one_cm":3633,"tombstone:undead_killed":3,"minecraft:deaths":6,"minecraft:sneak_time":2043,"minecraft:walk_under_water_one_cm":1246,"minecraft:jump":1123,"minecraft:walk_on_water_one_cm":4328,"minecraft:total_world_time":103764,"minecraft:fall_one_cm":32554},"minecraft:dropped":{"minecraft:bread":63,"minecraft:wheat_seeds":449,"minecraft:stone_sword":2,"luminousworld:ishstone":9,"minecraft:wheat":2,"minecraft:raw_iron":1,"minecraft:cobblestone":27,"minecraft:rotten_flesh":6,"minecraft:flint":1,"illagerinvasion:platinum_chunk":1,"tombstone:grave_key":1,"iceandfire:silver_ingot":2,"tombstone:grave_dust":1,"minecraft:gold_nugget":3,"minecraft:wooden_pickaxe":1},"minecraft:killed_by":{"minecraft:player":1},"minecraft:mined":{"minecraft:white_bed":4,"luminousworld:yellowpetunias":1,"quark:oak_chest":2,"minecraft:crafting_table":6,"minecraft:torch":4,"minecraft:granite":23,"biomesoplenty:bush":65,"minecraft:grass_block":6,"luminousworld:grassvariant_2":1,"minecraft:tall_grass":16,"minecraft:copper_ore":1,"minecraft:cobblestone":19,"minecraft:oak_planks":1,"minecraft:wall_torch":5,"minecraft:furnace":5,"minecraft:fire":9,"minecraft:birch_log":6,"minecraft:iron_ore":17,"minecraft:wheat":411,"biomesoplenty:lavender":1,"minecraft:andesite":44,"minecraft:grass":45,"minecraft:oak_log":14,"minecraft:coal_ore":24,"luminousworld:ishstone":20,"minecraft:vine":2,"minecraft:dirt_path":3,"minecraft:gravel":5,"minecraft:dirt":30,"minecraft:cobweb":2,"luminousworld:groundpebbles_2":2,"minecraft:stone":343,"minecraft:oak_leaves":74,"minecraft:fern":4}},"DataVersion":3465}