{"stats":{"minecraft:mined":{"minecraft:white_bed":8,"iceandfire:silver_ore":6,"luminousworld:yellowpetunias":1,"minecraft:deepslate_diamond_ore":3,"minecraft:granite":51,"biomesoplenty:bush":82,"minecraft:grass_block":24,"luminousworld:grassvariant_2":1,"minecraft:large_fern":1,"minecraft:furnace":6,"minecraft:iron_ore":26,"minecraft:fire":10,"biomesoplenty:lavender":1,"minecraft:andesite":81,"biomesoplenty:magic_log":8,"supplementaries:stick":2,"minecraft:dirt_path":3,"minecraft:deepslate_iron_ore":11,"minecraft:vine":3,"minecraft:iron_bars":2,"luminousworld:groundpebbles_2":2,"minecraft:stone":568,"minecraft:red_bed":1,"quark:oak_chest":3,"supplementaries:book_pile":1,"minecraft:crafting_table":9,"born_in_chaos_v1:infected_deepslate_diamond_ore":5,"minecraft:torch":13,"minecraft:copper_ore":3,"minecraft:tall_grass":16,"minecraft:cobblestone":40,"minecraft:deepslate_gold_ore":2,"minecraft:oak_planks":2,"placeablesmod:bread_full_block":4,"minecraft:diorite":22,"minecraft:wall_torch":20,"supplementaries:urn":5,"minecraft:seagrass":1,"minecraft:lime_bed":1,"biomesoplenty:magic_planks":1,"ecologics:seashell":1,"biomesoplenty:mahogany_log":1,"minecraft:birch_log":13,"minecraft:wheat":411,"minecraft:wither_rose":1,"minecraft:grass":59,"minecraft:oak_log":25,"minecraft:coal_ore":31,"luminousworld:ishstone":41,"minecraft:pitcher_crop":1,"minecraft:sand":9,"minecraft:gravel":5,"minecraft:dirt":55,"minecraft:cobweb":7,"biomesoplenty:reed":2,"minecraft:oak_leaves":75,"minecraft:deepslate":34,"minecraft:fern":10},"minecraft:dropped":{"minecraft:bread":63,"minecraft:moss_block":1,"born_in_chaos_v1:shattered_skull":1,"minecraft:wheat_seeds":453,"minecraft:cherry_log":1,"luminousworld:ishstone":14,"minecraft:feather":2,"minecraft:cobblestone":112,"born_in_chaos_v1:pieceofdarkmetal":4,"minecraft:flint":1,"minecraft:emerald":3,"minecraft:stick":7,"illagerinvasion:platinum_chunk":1,"minecraft:torch":1,"tombstone:grave_key":2,"minecraft:rabbit":1,"born_in_chaos_v1:fused_bone":3,"tombstone:grave_dust":7,"minecraft:gold_nugget":3,"duckling:duck_egg":1,"minecraft:oak_door":2,"duckling:raw_duck":1,"born_in_chaos_v1:fire_dust":1,"minecraft:stone_sword":2,"minecraft:cobbled_deepslate":57,"minecraft:wheat":3,"tombstone:gift":3,"minecraft:raw_iron":1,"minecraft:rotten_flesh":12,"supplementaries:ash":18,"minecraft:gunpowder":10,"born_in_chaos_v1:corpse_maggot":1,"iceandfire:silver_ingot":2,"minecraft:arrow":1,"minecraft:wooden_pickaxe":1,"minecraft:raw_gold":2},"minecraft:killed_by":{"minecraft:player":1,"iceandfire:gorgon":2,"iceandfire:fire_dragon":1},"minecraft:used":{"biomesoplenty:mahogany_planks":3,"iceandfire:silver_sword":62,"minecraft:stone_sword":128,"minecraft:ladder":7,"minecraft:iron_sword":460,"minecraft:oak_door":2,"minecraft:stick":2,"minecraft:torch":48,"minecraft:dirt":49,"ecologics:seashell":1,"minecraft:granite":26,"minecraft:beef":1,"minecraft:furnace":7,"duckling:duck_egg":2,"tombstone:gift":4,"minecraft:cooked_beef":6,"minecraft:stone_pickaxe":922,"minecraft:baked_potato":2,"minecraft:wooden_pickaxe":10,"luminousworld:groundpebbles_1":1,"minecraft:pitcher_pod":1,"minecraft:crafting_table":13,"minecraft:red_bed":1,"biomesoplenty:magic_planks":1,"minecraft:white_bed":8,"minecraft:shears":74,"minecraft:apple":3,"minecraft:bread":85,"minecraft:iron_pickaxe":39,"minecraft:stone_axe":31,"minecraft:enchanted_book":1,"minecraft:cobblestone":352,"minecraft:cooked_rabbit":3,"minecraft:andesite":34,"quark:oak_chest":9,"minecraft:oak_boat":8},"minecraft:picked_up":{"minecraft:crafting_table":9,"luminousworld:groundpebbles_1":1,"born_in_chaos_v1:diamond_termite_shard":9,"minecraft:wheat":396,"illagerinvasion:platinum_chunk":1,"minecraft:lead":2,"ecologics:seashell":1,"minecraft:wither_rose":1,"minecraft:enchanted_book":1,"tombstone:grave_key":1,"minecraft:string":12,"minecraft:red_bed":1,"minecraft:raw_copper":10,"minecraft:gold_nugget":3,"minecraft:cobbled_deepslate":99,"minecraft:beef":14,"minecraft:oak_boat":8,"duckling:raw_duck":1,"minecraft:furnace":6,"minecraft:stick":10,"minecraft:raw_iron":38,"born_in_chaos_v1:shattered_skull":1,"minecraft:oak_door":1,"minecraft:torch":39,"minecraft:cherry_log":1,"tombstone:grave_dust":10,"minecraft:diorite":22,"born_in_chaos_v1:pieceofdarkmetal":4,"minecraft:rabbit_foot":1,"iceandfire:silver_ingot":2,"minecraft:stone_sword":2,"minecraft:arrow":1,"minecraft:rotten_flesh":26,"minecraft:saddle":1,"supplementaries:ash":19,"minecraft:iron_bars":2,"born_in_chaos_v1:fused_bone":3,"minecraft:cobblestone":627,"biomesoplenty:lavender":1,"minecraft:birch_log":13,"born_in_chaos_v1:corpse_maggot":2,"minecraft:lime_bed":1,"minecraft:feather":2,"born_in_chaos_v1:monster_flesh":1,"minecraft:glow_ink_sac":7,"minecraft:andesite":83,"luminousworld:ishstone":42,"minecraft:leather":12,"minecraft:birch_planks":23,"minecraft:flint":1,"minecraft:oak_log":26,"minecraft:chainmail_chestplate":1,"minecraft:gunpowder":10,"minecraft:dirt":75,"tombstone:gift":3,"biomesoplenty:bush":1,"minecraft:bone":19,"minecraft:wheat_seeds":1849,"minecraft:raw_gold":2,"minecraft:rabbit_hide":5,"minecraft:iron_ingot":2,"biomesoplenty:magic_log":8,"minecraft:pitcher_pod":1,"minecraft:rabbit":1,"minecraft:iron_sword":1,"minecraft:oak_planks":16,"duckling:duck_egg":3,"minecraft:dandelion":2,"born_in_chaos_v1:ethereal_spirit":1,"minecraft:sand":9,"minecraft:gravel":4,"minecraft:white_bed":8,"minecraft:spider_eye":1,"quark:oak_chest":3,"minecraft:bundle":1,"biomesoplenty:mahogany_log":1,"born_in_chaos_v1:fire_dust":1,"minecraft:diamond":3,"biomesoplenty:magic_planks":1,"minecraft:iron_helmet":1,"minecraft:granite":51,"minecraft:bread":46,"minecraft:emerald":7,"tombstone:magic_scroll":1,"minecraft:oak_sapling":1,"minecraft:oak_leaves":74,"minecraft:coal":31,"iceandfire:raw_silver":6},"minecraft:crafted":{"minecraft:oak_door":3,"minecraft:oak_planks":104,"minecraft:cobblestone_slab":12,"biomesoplenty:mahogany_planks":4,"minecraft:furnace":2,"minecraft:heavy_weighted_pressure_plate":1,"minecraft:glass_pane":16,"minecraft:glass":9,"minecraft:diamond":1,"minecraft:iron_boots":1,"minecraft:leather":1,"minecraft:ladder":8,"minecraft:stone_pickaxe":9,"biomesoplenty:magic_planks":32,"minecraft:cooked_beef":6,"minecraft:glass_bottle":3,"minecraft:crafting_table":5,"minecraft:wooden_pickaxe":2,"minecraft:iron_sword":3,"minecraft:copper_ingot":5,"minecraft:birch_planks":28,"minecraft:stone_axe":2,"minecraft:bread":122,"minecraft:air":0,"minecraft:oak_boat":3,"minecraft:iron_chestplate":1,"minecraft:charcoal":6,"minecraft:stick":72,"quark:oak_chest":6,"minecraft:iron_ingot":37,"minecraft:iron_pickaxe":1,"minecraft:stone_sword":3,"minecraft:iron_shovel":1,"minecraft:iron_leggings":1,"minecraft:torch":4,"iceandfire:silver_sword":1,"minecraft:shears":1},"minecraft:killed":{"earthmobsmod:hyper_rabbit":4,"earthmobsmod:jumbo_rabbit":1,"born_in_chaos_v1:restless_spirit":1,"minecraft:spider":5,"born_in_chaos_v1:maggot":3,"minecraft:skeleton":2,"undead_revamp2:sucker":1,"born_in_chaos_v1:firelight_not_despawn":1,"earthmobsmod:albino_cow":3,"minecraft:husk":2,"born_in_chaos_v1:baby_skeleton":2,"born_in_chaos_v1:diamond_termite":10,"duckling:duck":1,"born_in_chaos_v1:decrepit_skeleton":1,"minecraft:trader_llama":2,"minecraft:pillager":1,"minecraft:zombie":11,"iceandfire:ghost":6,"born_in_chaos_v1:dread_hound":1,"born_in_chaos_v1:corpse_fly":1,"enemyexpansion:botfly":5,"minecraft:cow":3,"enemyexpansion:slugger":1},"minecraft:broken":{"minecraft:iron_boots":1,"minecraft:iron_chestplate":1,"minecraft:iron_leggings":1,"minecraft:stone_pickaxe":7,"minecraft:iron_sword":1,"minecraft:iron_helmet":1},"minecraft:custom":{"minecraft:mob_kills":76,"minecraft:interact_with_crafting_table":57,"minecraft:eat_cake_slice":3,"minecraft:leave_game":1,"minecraft:time_since_death":35743,"minecraft:climb_one_cm":15735,"minecraft:sprint_one_cm":551790,"minecraft:walk_one_cm":853432,"minecraft:drop":153,"minecraft:talked_to_villager":2,"minecraft:play_time":294749,"minecraft:sneak_time":7826,"minecraft:deaths":16,"minecraft:walk_under_water_one_cm":24378,"minecraft:boat_one_cm":789908,"minecraft:jump":4223,"minecraft:walk_on_water_one_cm":49346,"minecraft:total_world_time":294749,"minecraft:interact_with_furnace":49,"tombstone:raider_killed":1,"minecraft:sleep_in_bed":4,"minecraft:time_since_rest":31948,"minecraft:damage_taken":2147483647,"minecraft:trigger_trapped_chest":7,"minecraft:damage_dealt":15440,"minecraft:swim_one_cm":74713,"minecraft:fly_one_cm":705555,"minecraft:open_chest":92,"minecraft:crouch_one_cm":17863,"tombstone:undead_killed":26,"minecraft:fall_one_cm":116609}},"DataVersion":3465}