{"stats":{"minecraft:dropped":{"minecraft:moss_block":1,"born_in_chaos_v1:pieceofdarkmetal":4,"minecraft:leather_helmet":1,"minecraft:flint":1,"minecraft:emerald":3,"minecraft:gold_nugget":7,"minecraft:phantom_membrane":5,"minecraft:dark_oak_planks":4,"minecraft:oak_door":2,"minecraft:gravel":4,"duckling:raw_duck":1,"minecraft:iron_nugget":6,"born_in_chaos_v1:fire_dust":1,"minecraft:cobbled_deepslate":60,"minecraft:wheat":3,"tombstone:gift":3,"minecraft:rotten_flesh":16,"minecraft:rabbit_hide":1,"minecraft:lime_bed":1,"supplementaries:ash":34,"minecraft:tipped_arrow":7,"minecraft:gunpowder":10,"born_in_chaos_v1:corpse_maggot":2,"minecraft:leather_boots":1,"minecraft:leather_leggings":1,"minecraft:iron_bars":14,"minecraft:arrow":1,"luminousworld:beastiary":1,"minecraft:bread":63,"minecraft:stone_hoe":1,"minecraft:golden_boots":1,"born_in_chaos_v1:shattered_skull":1,"minecraft:wheat_seeds":1075,"minecraft:cherry_log":1,"luminousworld:ishstone":14,"minecraft:mossy_cobblestone":4,"minecraft:feather":2,"minecraft:cobblestone":112,"minecraft:chainmail_helmet":2,"minecraft:coal":7,"minecraft:stick":7,"born_in_chaos_v1:gnawed_bones":1,"illagerinvasion:platinum_chunk":1,"minecraft:torch":1,"tombstone:grave_key":2,"minecraft:rabbit":1,"born_in_chaos_v1:fused_bone":3,"minecraft:iron_door":1,"tombstone:grave_dust":15,"minecraft:iron_axe":1,"duckling:duck_egg":1,"minecraft:bucket":1,"minecraft:stone_sword":2,"minecraft:raw_iron":1,"minecraft:name_tag":1,"minecraft:spruce_planks":8,"minecraft:mossy_stone_bricks":6,"iceandfire:silver_ingot":2,"minecraft:stone_pressure_plate":1,"minecraft:spider_eye":2,"minecraft:bow":2,"minecraft:wooden_pickaxe":1,"minecraft:raw_gold":2},"minecraft:broken":{"minecraft:iron_boots":1,"minecraft:iron_chestplate":1,"minecraft:iron_leggings":2,"minecraft:chainmail_boots":1,"minecraft:stone_pickaxe":7,"minecraft:golden_sword":1,"minecraft:iron_sword":3,"aether:iron_gloves":1,"minecraft:iron_helmet":1,"aether:leather_gloves":1},"minecraft:custom":{"minecraft:interact_with_crafting_table":80,"minecraft:eat_cake_slice":7,"minecraft:leave_game":2,"minecraft:time_since_death":2486,"minecraft:sprint_one_cm":978423,"minecraft:damage_blocked_by_shield":30,"minecraft:drop":228,"minecraft:talked_to_villager":2,"minecraft:play_time":472839,"minecraft:deaths":18,"minecraft:jump":5650,"minecraft:walk_on_water_one_cm":68045,"minecraft:interact_with_furnace":50,"minecraft:sleep_in_bed":6,"minecraft:damage_dealt":29748,"minecraft:crouch_one_cm":47384,"tombstone:undead_killed":71,"minecraft:mob_kills":172,"minecraft:damage_dealt_resisted":40,"minecraft:climb_one_cm":18998,"minecraft:walk_one_cm":1328341,"minecraft:sneak_time":17795,"minecraft:walk_under_water_one_cm":33986,"minecraft:boat_one_cm":898988,"minecraft:total_world_time":472839,"tombstone:raider_killed":1,"minecraft:time_since_rest":2249,"minecraft:damage_taken":2147483647,"minecraft:damage_absorbed":200,"minecraft:trigger_trapped_chest":7,"minecraft:swim_one_cm":117526,"minecraft:fly_one_cm":979721,"minecraft:open_chest":319,"minecraft:fall_one_cm":164305},"minecraft:picked_up":{"minecraft:iron_chestplate":2,"minecraft:wheat":601,"illagerinvasion:platinum_chunk":1,"minecraft:chainmail_boots":3,"minecraft:lead":2,"earthmobsmod:fancy_egg":1,"minecraft:wither_rose":1,"minecraft:enchanted_book":1,"tombstone:grave_key":1,"minecraft:golden_sword":2,"born_in_chaos_v1:black_argillite":2,"minecraft:music_disc_cat":1,"minecraft:string":51,"minecraft:raw_copper":14,"minecraft:iron_leggings":1,"minecraft:gold_nugget":3,"minecraft:cobbled_deepslate":109,"minecraft:bucket":1,"minecraft:furnace":6,"minecraft:iron_boots":1,"minecraft:tipped_arrow":7,"minecraft:golden_helmet":1,"minecraft:stick":10,"born_in_chaos_v1:shattered_skull":1,"minecraft:torch":73,"minecraft:cherry_log":1,"tombstone:grave_dust":20,"minecraft:diorite":22,"minecraft:golden_chestplate":1,"minecraft:rabbit_foot":1,"minecraft:quartz_block":3,"minecraft:stone_sword":2,"minecraft:rotten_flesh":49,"biomesoplenty:mahogany_sapling":1,"supplementaries:ash":36,"minecraft:iron_bars":22,"minecraft:cobblestone":656,"biomesoplenty:lavender":1,"minecraft:birch_log":13,"minecraft:leather_chestplate":1,"minecraft:feather":2,"minecraft:iron_door":1,"minecraft:andesite":83,"minecraft:flint":1,"minecraft:dirt":223,"minecraft:polished_granite":1,"biomesoplenty:bush":1,"minecraft:name_tag":1,"born_in_chaos_v1:monster_skin":1,"minecraft:leather_boots":3,"minecraft:bone":68,"minecraft:bow":2,"minecraft:wheat_seeds":2476,"minecraft:raw_gold":2,"minecraft:mossy_stone_bricks":17,"minecraft:rabbit":1,"minecraft:pitcher_pod":1,"minecraft:stone_hoe":1,"minecraft:oak_planks":48,"duckling:duck_egg":4,"minecraft:sand":9,"minecraft:dark_oak_log":1,"minecraft:mossy_cobblestone":10,"minecraft:bundle":2,"born_in_chaos_v1:fire_dust":1,"minecraft:diamond":3,"biomesoplenty:magic_planks":1,"minecraft:granite":51,"minecraft:emerald":7,"minecraft:chainmail_helmet":4,"minecraft:bread":46,"iceandfire:gorgon_head":1,"minecraft:oak_sapling":1,"minecraft:oak_leaves":74,"iceandfire:raw_silver":6,"luminousworld:groundpebbles_1":4,"minecraft:crafting_table":12,"born_in_chaos_v1:diamond_termite_shard":9,"iceandfire:witherbone":3,"minecraft:leather_leggings":1,"ecologics:seashell":1,"minecraft:red_bed":3,"minecraft:iron_axe":1,"minecraft:beef":14,"minecraft:oak_boat":14,"born_in_chaos_v1:gnawed_bones":2,"minecraft:chest":2,"minecraft:phantom_membrane":5,"duckling:raw_duck":1,"minecraft:raw_iron":38,"minecraft:oak_door":1,"minecraft:bowl":2,"quark:birch_chest":1,"luminousworld:beastiary":1,"born_in_chaos_v1:pieceofdarkmetal":4,"minecraft:stone_pressure_plate":1,"iceandfire:blindfold":4,"iceandfire:silver_ingot":2,"minecraft:arrow":32,"minecraft:saddle":1,"born_in_chaos_v1:fused_bone":3,"born_in_chaos_v1:corpse_maggot":4,"minecraft:lime_bed":1,"born_in_chaos_v1:monster_flesh":1,"minecraft:glow_ink_sac":7,"luminousworld:ishstone":42,"minecraft:leather":12,"minecraft:birch_planks":30,"minecraft:oak_log":33,"minecraft:chainmail_chestplate":1,"minecraft:golden_boots":1,"minecraft:gunpowder":10,"tombstone:gift":3,"minecraft:apple":1,"minecraft:stone_bricks":16,"minecraft:rabbit_hide":5,"minecraft:iron_ingot":2,"biomesoplenty:magic_log":8,"minecraft:iron_sword":3,"born_in_chaos_v1:ethereal_spirit":1,"minecraft:dandelion":2,"minecraft:gravel":9,"minecraft:white_bed":10,"minecraft:spruce_log":2,"quark:oak_chest":11,"minecraft:spider_eye":17,"minecraft:leather_helmet":1,"biomesoplenty:mahogany_log":1,"minecraft:diamond_shovel":1,"minecraft:iron_helmet":1,"tombstone:magic_scroll":2,"minecraft:coal":33},"minecraft:killed":{"minecraft:cave_spider":23,"earthmobsmod:jumbo_rabbit":1,"born_in_chaos_v1:restless_spirit":1,"born_in_chaos_v1:zombie_lumberjack":1,"enemyexpansion:equestrian":1,"iceandfire:gorgon":1,"minecraft:spider":21,"minecraft:skeleton":12,"born_in_chaos_v1:firelight_not_despawn":1,"born_in_chaos_v1:diamond_termite":10,"minecraft:trader_llama":2,"minecraft:pillager":1,"minecraft:zombie":29,"born_in_chaos_v1:dread_hound":3,"born_in_chaos_v1:corpse_fly":1,"enemyexpansion:botfly":6,"minecraft:stray":7,"born_in_chaos_v1:siamese_skeletonsleft":1,"minecraft:cow":3,"earthmobsmod:hyper_rabbit":4,"born_in_chaos_v1:maggot":7,"undead_revamp2:sucker":1,"earthmobsmod:albino_cow":3,"minecraft:husk":2,"duckling:duck":1,"born_in_chaos_v1:baby_skeleton":2,"born_in_chaos_v1:decrepit_skeleton":1,"iceandfire:ghost":6,"minecraft:wither_skeleton":6,"enemyexpansion:slugger":1},"minecraft:crafted":{"minecraft:oak_planks":132,"minecraft:cobblestone_slab":12,"quark:birch_chest":2,"minecraft:heavy_weighted_pressure_plate":1,"minecraft:glass":9,"minecraft:bow":1,"minecraft:iron_boots":1,"minecraft:stone_hoe":1,"supplementaries:flute":1,"minecraft:glass_bottle":3,"sophisticatedbackpacks:backpack":1,"minecraft:crafting_table":6,"iceandfire:blindfold":5,"minecraft:spruce_planks":8,"minecraft:wooden_pickaxe":2,"minecraft:copper_ingot":5,"minecraft:birch_planks":28,"minecraft:iron_chestplate":1,"minecraft:charcoal":6,"minecraft:stick":76,"quark:oak_chest":9,"minecraft:iron_ingot":40,"minecraft:iron_pickaxe":1,"minecraft:stone_sword":3,"minecraft:gold_ingot":1,"iceandfire:silver_sword":1,"minecraft:shears":1,"minecraft:oak_door":3,"biomesoplenty:mahogany_planks":4,"minecraft:furnace":2,"minecraft:glass_pane":16,"minecraft:diamond":1,"minecraft:leather":1,"minecraft:ladder":8,"minecraft:stone_pickaxe":9,"biomesoplenty:magic_planks":32,"minecraft:dark_oak_planks":4,"minecraft:cooked_beef":6,"minecraft:iron_sword":3,"minecraft:bucket":1,"minecraft:stone_axe":2,"minecraft:bread":191,"minecraft:air":0,"minecraft:oak_boat":3,"minecraft:iron_shovel":1,"minecraft:iron_leggings":1,"minecraft:torch":4},"minecraft:killed_by":{"iceandfire:sea_serpent":1,"iceandfire:fire_dragon":1,"minecraft:player":1,"iceandfire:gorgon":2},"minecraft:used":{"minecraft:iron_shovel":151,"minecraft:ladder":7,"minecraft:chest":1,"minecraft:shield":1,"minecraft:iron_sword":823,"earthmobsmod:fancy_egg":1,"minecraft:carrot":27,"minecraft:quartz_block":1,"iceandfire:blindfold":3,"born_in_chaos_v1:gnawed_bones":1,"minecraft:stone_bricks":91,"biomesoplenty:mahogany_sapling":1,"minecraft:golden_sword":46,"minecraft:bow":13,"minecraft:furnace":7,"minecraft:mossy_stone_bricks":43,"minecraft:stone_pickaxe":941,"minecraft:oak_planks":144,"minecraft:wooden_pickaxe":10,"luminousworld:groundpebbles_1":1,"minecraft:golden_apple":7,"minecraft:pitcher_pod":1,"biomesoplenty:magic_planks":1,"minecraft:shears":74,"minecraft:bread":99,"minecraft:cooked_rabbit":3,"minecraft:andesite":34,"minecraft:oak_boat":14,"biomesoplenty:mahogany_planks":3,"quark:birch_chest":3,"iceandfire:silver_sword":82,"minecraft:stone_sword":128,"minecraft:stone_hoe":66,"minecraft:oak_door":2,"minecraft:stick":2,"minecraft:torch":134,"minecraft:dirt":70,"ecologics:seashell":1,"minecraft:granite":26,"minecraft:iron_boots":1,"minecraft:beef":8,"duckling:duck_egg":3,"tombstone:gift":6,"minecraft:cooked_beef":15,"minecraft:cobbled_deepslate":3,"minecraft:wheat_seeds":66,"minecraft:water_bucket":4,"minecraft:baked_potato":11,"minecraft:mossy_cobblestone":2,"minecraft:crafting_table":17,"minecraft:red_bed":3,"minecraft:white_bed":9,"minecraft:apple":9,"minecraft:iron_pickaxe":151,"minecraft:stone_axe":31,"minecraft:enchanted_book":1,"minecraft:cobblestone":408,"minecraft:bucket":4,"quark:oak_chest":20},"minecraft:mined":{"minecraft:stone_pressure_plate":1,"minecraft:white_bed":10,"luminousworld:yellowpetunias":1,"minecraft:granite":51,"minecraft:grass_block":164,"minecraft:spawner":10,"minecraft:iron_ore":26,"minecraft:fire":10,"biomesoplenty:lavender":1,"supplementaries:stick":2,"minecraft:dirt_path":3,"minecraft:iron_bars":15,"minecraft:quartz_block":4,"minecraft:red_bed":3,"supplementaries:book_pile":1,"born_in_chaos_v1:infected_deepslate_diamond_ore":5,"minecraft:torch":25,"minecraft:chest":2,"minecraft:cobblestone":54,"minecraft:oak_planks":29,"minecraft:bricks":1,"placeablesmod:bread_full_block":4,"minecraft:iron_door":1,"minecraft:wall_torch":30,"minecraft:seagrass":1,"biomesoplenty:magic_planks":1,"ecologics:seashell":1,"minecraft:birch_log":13,"minecraft:wheat":656,"minecraft:wither_rose":1,"minecraft:grass":64,"quark:birch_chest":1,"minecraft:oak_log":32,"minecraft:sand":9,"minecraft:dirt":92,"minecraft:oak_leaves":77,"minecraft:deepslate":42,"biomesoplenty:reed":2,"iceandfire:silver_ore":6,"minecraft:mossy_cobblestone":15,"minecraft:deepslate_diamond_ore":3,"biomesoplenty:bush":87,"born_in_chaos_v1:black_argillite":2,"luminousworld:grassvariant_2":1,"minecraft:large_fern":1,"minecraft:furnace":6,"minecraft:andesite":81,"biomesoplenty:magic_log":8,"minecraft:deepslate_iron_ore":11,"minecraft:vine":34,"luminousworld:groundpebbles_2":2,"minecraft:stone":583,"quark:oak_chest":11,"minecraft:polished_granite":1,"minecraft:crafting_table":12,"minecraft:tall_grass":16,"minecraft:copper_ore":4,"minecraft:deepslate_gold_ore":2,"minecraft:diorite":22,"supplementaries:urn":9,"minecraft:lime_bed":1,"biomesoplenty:mahogany_log":1,"minecraft:coal_ore":31,"luminousworld:ishstone":41,"minecraft:pitcher_crop":1,"minecraft:gravel":11,"minecraft:cobweb":8,"minecraft:cracked_stone_bricks":1,"minecraft:stone_bricks":16,"minecraft:mossy_stone_bricks":16,"minecraft:fern":11}},"DataVersion":3465}