{"stats":{"minecraft:picked_up":{"born_in_chaos_v1:diamond_termite_shard":9,"luminousworld:groundpebbles_1":1,"minecraft:crafting_table":9,"minecraft:wheat":370,"illagerinvasion:platinum_chunk":1,"minecraft:string":3,"minecraft:raw_copper":10,"minecraft:gold_nugget":3,"minecraft:cobbled_deepslate":99,"minecraft:furnace":6,"minecraft:stick":8,"minecraft:raw_iron":38,"minecraft:oak_door":1,"minecraft:torch":30,"tombstone:grave_dust":8,"minecraft:diorite":22,"minecraft:arrow":1,"minecraft:stone_sword":1,"iceandfire:silver_ingot":2,"minecraft:rotten_flesh":12,"supplementaries:ash":18,"minecraft:cobblestone":612,"born_in_chaos_v1:fused_bone":3,"biomesoplenty:lavender":1,"minecraft:birch_log":13,"born_in_chaos_v1:corpse_maggot":2,"minecraft:glow_ink_sac":7,"minecraft:andesite":83,"luminousworld:ishstone":42,"minecraft:birch_planks":23,"minecraft:flint":1,"minecraft:oak_log":21,"minecraft:gunpowder":10,"minecraft:dirt":35,"tombstone:gift":3,"biomesoplenty:bush":1,"minecraft:bone":18,"minecraft:wheat_seeds":1799,"minecraft:raw_gold":2,"biomesoplenty:magic_log":8,"duckling:duck_egg":1,"minecraft:oak_planks":15,"born_in_chaos_v1:ethereal_spirit":1,"minecraft:gravel":4,"minecraft:white_bed":4,"quark:oak_chest":3,"minecraft:diamond":3,"biomesoplenty:magic_planks":1,"minecraft:iron_helmet":1,"minecraft:granite":49,"minecraft:bread":41,"minecraft:emerald":7,"iceandfire:raw_silver":6,"minecraft:coal":31,"minecraft:oak_leaves":74},"minecraft:killed":{"born_in_chaos_v1:restless_spirit":1,"born_in_chaos_v1:maggot":2,"minecraft:skeleton":2,"born_in_chaos_v1:diamond_termite":10,"born_in_chaos_v1:baby_skeleton":2,"born_in_chaos_v1:decrepit_skeleton":1,"minecraft:pillager":1,"minecraft:zombie":2,"iceandfire:ghost":2,"born_in_chaos_v1:corpse_fly":1,"enemyexpansion:slugger":1},"minecraft:broken":{"minecraft:stone_pickaxe":6,"minecraft:iron_sword":1},"minecraft:custom":{"minecraft:mob_kills":32,"minecraft:interact_with_crafting_table":35,"minecraft:leave_game":1,"minecraft:time_since_death":53210,"minecraft:climb_one_cm":12772,"minecraft:sprint_one_cm":236843,"minecraft:walk_one_cm":480066,"minecraft:drop":127,"minecraft:play_time":151764,"minecraft:deaths":6,"minecraft:sneak_time":4430,"minecraft:walk_under_water_one_cm":4135,"minecraft:jump":1877,"minecraft:walk_on_water_one_cm":22385,"minecraft:total_world_time":151764,"minecraft:interact_with_furnace":30,"tombstone:raider_killed":1,"minecraft:time_since_rest":53052,"minecraft:damage_taken":4094,"minecraft:trigger_trapped_chest":3,"minecraft:damage_dealt":7242,"minecraft:swim_one_cm":19722,"minecraft:fly_one_cm":235201,"minecraft:open_chest":19,"minecraft:crouch_one_cm":8304,"tombstone:undead_killed":10,"minecraft:fall_one_cm":42833},"minecraft:used":{"minecraft:stone_sword":128,"minecraft:ladder":7,"minecraft:iron_sword":225,"minecraft:oak_door":2,"minecraft:torch":34,"minecraft:dirt":10,"minecraft:granite":26,"minecraft:furnace":7,"duckling:duck_egg":1,"tombstone:gift":1,"minecraft:stone_pickaxe":914,"minecraft:wooden_pickaxe":7,"luminousworld:groundpebbles_1":1,"minecraft:crafting_table":11,"biomesoplenty:magic_planks":1,"minecraft:white_bed":4,"minecraft:shears":74,"minecraft:bread":51,"minecraft:iron_pickaxe":23,"minecraft:stone_axe":31,"minecraft:cobblestone":223,"minecraft:andesite":34,"quark:oak_chest":7},"minecraft:crafted":{"minecraft:oak_door":3,"minecraft:oak_planks":84,"minecraft:cobblestone_slab":12,"minecraft:furnace":2,"minecraft:heavy_weighted_pressure_plate":1,"minecraft:diamond":1,"minecraft:iron_boots":1,"minecraft:ladder":8,"minecraft:stone_pickaxe":8,"biomesoplenty:magic_planks":32,"minecraft:crafting_table":3,"minecraft:wooden_pickaxe":1,"minecraft:iron_sword":2,"minecraft:birch_planks":28,"minecraft:stone_axe":1,"minecraft:bread":122,"minecraft:air":0,"minecraft:iron_chestplate":1,"minecraft:charcoal":6,"minecraft:stick":52,"quark:oak_chest":4,"minecraft:iron_ingot":30,"minecraft:iron_pickaxe":1,"minecraft:stone_sword":3,"minecraft:iron_leggings":1,"minecraft:torch":4,"minecraft:shears":1},"minecraft:dropped":{"minecraft:bread":63,"minecraft:wheat_seeds":449,"luminousworld:ishstone":14,"minecraft:cobblestone":112,"minecraft:emerald":3,"minecraft:stick":7,"minecraft:flint":1,"illagerinvasion:platinum_chunk":1,"minecraft:torch":1,"tombstone:grave_key":1,"born_in_chaos_v1:fused_bone":3,"tombstone:grave_dust":6,"minecraft:gold_nugget":3,"minecraft:oak_door":2,"minecraft:stone_sword":2,"minecraft:cobbled_deepslate":57,"minecraft:wheat":2,"tombstone:gift":3,"minecraft:raw_iron":1,"minecraft:rotten_flesh":6,"supplementaries:ash":18,"minecraft:gunpowder":10,"born_in_chaos_v1:corpse_maggot":1,"iceandfire:silver_ingot":2,"minecraft:arrow":1,"minecraft:wooden_pickaxe":1,"minecraft:raw_gold":2},"minecraft:killed_by":{"minecraft:player":1},"minecraft:mined":{"minecraft:white_bed":4,"luminousworld:yellowpetunias":1,"iceandfire:silver_ore":6,"minecraft:deepslate_diamond_ore":3,"minecraft:granite":49,"biomesoplenty:bush":65,"minecraft:grass_block":6,"luminousworld:grassvariant_2":1,"minecraft:furnace":6,"minecraft:iron_ore":26,"minecraft:fire":9,"biomesoplenty:lavender":1,"minecraft:andesite":81,"biomesoplenty:magic_log":8,"minecraft:dirt_path":3,"minecraft:vine":2,"minecraft:deepslate_iron_ore":11,"luminousworld:groundpebbles_2":2,"minecraft:stone":563,"quark:oak_chest":3,"minecraft:crafting_table":9,"born_in_chaos_v1:infected_deepslate_diamond_ore":5,"minecraft:torch":10,"minecraft:cobblestone":29,"minecraft:copper_ore":3,"minecraft:tall_grass":16,"minecraft:deepslate_gold_ore":2,"minecraft:oak_planks":1,"minecraft:diorite":22,"minecraft:wall_torch":15,"supplementaries:urn":5,"biomesoplenty:magic_planks":1,"minecraft:birch_log":13,"minecraft:wheat":411,"minecraft:grass":46,"minecraft:coal_ore":31,"minecraft:oak_log":20,"luminousworld:ishstone":41,"minecraft:gravel":5,"minecraft:dirt":30,"minecraft:cobweb":3,"minecraft:deepslate":34,"minecraft:oak_leaves":75,"minecraft:fern":4}},"DataVersion":3465}